YCR097W	YCR040W	1
YCR097W	YCL066W	1
YCR097W	YGR044C	1
YPR199C	YCR040W	1
YPR199C	YMR086CA	1
YPR199C	YDR210WD	1
YJL056C	YCR040W	1
YJL056C	YCL066W	1
YJL056C	YNL253W	1
YJL056C	YHR145C	1
YJL056C	YNL254C	1
YHR006W	YCR040W	1
YCL066W	YIL099W	1
YKL109W	YCR040W	1
YKL109W	YCL066W	1
YKL109W	YJL166W	1
YKL109W	YKL141W	1
YKL109W	YHR111W	1
YKL109W	YHR145C	1
YKL109W	YEL001C	1
YKL109W	YLR463C	1
YDL170W	YCR040W	1
YDL170W	YDR129C	1
YDL170W	YDR210WD	1
YDL170W	YGR019W	1
YDL170W	YPL251W	1
YDL170W	YLR463C	1
YLR013W	YCR040W	1
YLR013W	YCL066W	1
YLR013W	YLR463C	1
YGR044C	YCR018C	1
YGR044C	YOR140W	1
YGR044C	YFR017C	1
YOR032C	YHR006W	1
YCR018C	YPL251W	1
YCR018C	YFR017C	1
YLR098C	YCR040W	1
YLR098C	YCL066W	1
YJL110C	YCR040W	1
YJL110C	YCL066W	1
YJL110C	YKR034W	1
YJL110C	YLR463C	1
YDR146C	YLR013W	1
YDR146C	YGR044C	1
YDR146C	YCR018C	1
YDR146C	YOR140W	1
YDR146C	YFL022C	1
YDR146C	YFR017C	1
YKR034W	YCR040W	1
YKR034W	YJL110C	1
YKR034W	YMR086CA	1
YKR034W	YOL042W	1
YKR034W	YGR073C	1
YKR034W	YGR019W	1
YGL162W	YKL109W	1
YGL162W	YMR070W	1
YGL162W	YHL027W	1
YGL162W	YER045C	1
YGL162W	YPL026C	1
YGL162W	YMR136W	1
YGL162W	YIL099W	1
YMR070W	YIL099W	1
YHL027W	YER045C	1
YHL027W	YDR129C	1
YHL027W	YMR136W	1
YHL027W	YIL099W	1
YHL027W	YOL157C	1
YLR131C	YGR044C	1
YLR131C	YOR140W	1
YLR131C	YPL026C	1
YLR131C	YFL022C	1
YLR131C	YER177W	1
YLR131C	YFR017C	1
YGL035C	YKL109W	1
YGL035C	YDR146C	1
YGL035C	YOL157C	1
YDR123C	YDR146C	1
YDR123C	YMR070W	1
YDR123C	YDR275W	1
YOR344C	YHR006W	1
YOR344C	YIR006C	1
YOR344C	YEL001C	1
YOR344C	YER177W	1
YER045C	YPL078C	1
YCR097W	YPR199C	0
YCR097W	YJL056C	0
YCR097W	YHR006W	0
YCR097W	YKL109W	0
YCR097W	YDL170W	0
YCR097W	YLR013W	0
YCR097W	YOR032C	0
YCR097W	YCR018C	0
YCR097W	YLR098C	0
YCR097W	YOR140W	0
YCR097W	YJL110C	0
YCR097W	YDR146C	0
YCR097W	YKR034W	0
YCR097W	YGL162W	0
YCR097W	YMR070W	0
YCR097W	YHL027W	0
YCR097W	YLR131C	0
YCR097W	YGL035C	0
YCR097W	YDR123C	0
YCR097W	YOR344C	0
YCR097W	YER045C	0
YCR097W	YJL166W	0
YCR097W	YNL253W	0
YCR097W	YDR275W	0
YCR097W	YKL141W	0
YCR097W	YMR086CA	0
YCR097W	YPL026C	0
YCR097W	YHR111W	0
YCR097W	YHR145C	0
YCR097W	YIR006C	0
YCR097W	YDR129C	0
YCR097W	YOL042W	0
YCR097W	YDR210WD	0
YCR097W	YEL001C	0
YCR097W	YFL022C	0
YCR097W	YER177W	0
YCR097W	YMR136W	0
YCR097W	YIL099W	0
YCR097W	YOL157C	0
YCR097W	YNL254C	0
YCR097W	YGR073C	0
YCR097W	YGR019W	0
YCR097W	YPL251W	0
YCR097W	YPL078C	0
YCR097W	YLR463C	0
YCR097W	YFR017C	0
YCR040W	YCR097W	0
YCR040W	YPR199C	0
YCR040W	YJL056C	0
YCR040W	YHR006W	0
YCR040W	YCL066W	0
YCR040W	YKL109W	0
YCR040W	YDL170W	0
YCR040W	YLR013W	0
YCR040W	YGR044C	0
YCR040W	YOR032C	0
YCR040W	YCR018C	0
YCR040W	YLR098C	0
YCR040W	YOR140W	0
YCR040W	YJL110C	0
YCR040W	YDR146C	0
YCR040W	YKR034W	0
YCR040W	YGL162W	0
YCR040W	YMR070W	0
YCR040W	YHL027W	0
YCR040W	YLR131C	0
YCR040W	YGL035C	0
YCR040W	YDR123C	0
YCR040W	YOR344C	0
YCR040W	YER045C	0
YCR040W	YJL166W	0
YCR040W	YNL253W	0
YCR040W	YDR275W	0
YCR040W	YKL141W	0
YCR040W	YMR086CA	0
YCR040W	YPL026C	0
YCR040W	YHR111W	0
YCR040W	YHR145C	0
YCR040W	YIR006C	0
YCR040W	YDR129C	0
YCR040W	YOL042W	0
YCR040W	YDR210WD	0
YCR040W	YEL001C	0
YCR040W	YFL022C	0
YCR040W	YER177W	0
YCR040W	YMR136W	0
YCR040W	YIL099W	0
YCR040W	YOL157C	0
YCR040W	YNL254C	0
YCR040W	YGR073C	0
YCR040W	YGR019W	0
YCR040W	YPL251W	0
YCR040W	YPL078C	0
YCR040W	YLR463C	0
YCR040W	YFR017C	0
YPR199C	YCR097W	0
YPR199C	YJL056C	0
YPR199C	YHR006W	0
YPR199C	YCL066W	0
YPR199C	YKL109W	0
YPR199C	YDL170W	0
YPR199C	YLR013W	0
YPR199C	YGR044C	0
YPR199C	YOR032C	0
YPR199C	YCR018C	0
YPR199C	YLR098C	0
YPR199C	YOR140W	0
YPR199C	YJL110C	0
YPR199C	YDR146C	0
YPR199C	YKR034W	0
YPR199C	YGL162W	0
YPR199C	YMR070W	0
YPR199C	YHL027W	0
YPR199C	YLR131C	0
YPR199C	YGL035C	0
YPR199C	YDR123C	0
YPR199C	YOR344C	0
YPR199C	YER045C	0
YPR199C	YJL166W	0
YPR199C	YNL253W	0
YPR199C	YDR275W	0
YPR199C	YKL141W	0
YPR199C	YPL026C	0
YPR199C	YHR111W	0
YPR199C	YHR145C	0
YPR199C	YIR006C	0
YPR199C	YDR129C	0
YPR199C	YOL042W	0
YPR199C	YEL001C	0
YPR199C	YFL022C	0
YPR199C	YER177W	0
YPR199C	YMR136W	0
YPR199C	YIL099W	0
YPR199C	YOL157C	0
YPR199C	YNL254C	0
YPR199C	YGR073C	0
YPR199C	YGR019W	0
YPR199C	YPL251W	0
YPR199C	YPL078C	0
YPR199C	YLR463C	0
YPR199C	YFR017C	0
YJL056C	YCR097W	0
YJL056C	YPR199C	0
YJL056C	YHR006W	0
YJL056C	YKL109W	0
YJL056C	YDL170W	0
YJL056C	YLR013W	0
YJL056C	YGR044C	0
YJL056C	YOR032C	0
YJL056C	YCR018C	0
YJL056C	YLR098C	0
YJL056C	YOR140W	0
YJL056C	YJL110C	0
YJL056C	YDR146C	0
YJL056C	YKR034W	0
YJL056C	YGL162W	0
YJL056C	YMR070W	0
YJL056C	YHL027W	0
YJL056C	YLR131C	0
YJL056C	YGL035C	0
YJL056C	YDR123C	0
YJL056C	YOR344C	0
YJL056C	YER045C	0
YJL056C	YJL166W	0
YJL056C	YDR275W	0
YJL056C	YKL141W	0
YJL056C	YMR086CA	0
YJL056C	YPL026C	0
YJL056C	YHR111W	0
YJL056C	YIR006C	0
YJL056C	YDR129C	0
YJL056C	YOL042W	0
YJL056C	YDR210WD	0
YJL056C	YEL001C	0
YJL056C	YFL022C	0
YJL056C	YER177W	0
YJL056C	YMR136W	0
YJL056C	YIL099W	0
YJL056C	YOL157C	0
YJL056C	YGR073C	0
YJL056C	YGR019W	0
YJL056C	YPL251W	0
YJL056C	YPL078C	0
YJL056C	YLR463C	0
YJL056C	YFR017C	0
YHR006W	YCR097W	0
YHR006W	YPR199C	0
YHR006W	YJL056C	0
YHR006W	YCL066W	0
YHR006W	YKL109W	0
YHR006W	YDL170W	0
YHR006W	YLR013W	0
YHR006W	YGR044C	0
YHR006W	YOR032C	0
YHR006W	YCR018C	0
YHR006W	YLR098C	0
YHR006W	YOR140W	0
YHR006W	YJL110C	0
YHR006W	YDR146C	0
YHR006W	YKR034W	0
YHR006W	YGL162W	0
YHR006W	YMR070W	0
YHR006W	YHL027W	0
YHR006W	YLR131C	0
YHR006W	YGL035C	0
YHR006W	YDR123C	0
YHR006W	YOR344C	0
YHR006W	YER045C	0
YHR006W	YJL166W	0
YHR006W	YNL253W	0
YHR006W	YDR275W	0
YHR006W	YKL141W	0
YHR006W	YMR086CA	0
YHR006W	YPL026C	0
YHR006W	YHR111W	0
YHR006W	YHR145C	0
YHR006W	YIR006C	0
YHR006W	YDR129C	0
YHR006W	YOL042W	0
YHR006W	YDR210WD	0
YHR006W	YEL001C	0
YHR006W	YFL022C	0
YHR006W	YER177W	0
YHR006W	YMR136W	0
YHR006W	YIL099W	0
YHR006W	YOL157C	0
YHR006W	YNL254C	0
YHR006W	YGR073C	0
YHR006W	YGR019W	0
YHR006W	YPL251W	0
YHR006W	YPL078C	0
YHR006W	YLR463C	0
YHR006W	YFR017C	0
YCL066W	YCR097W	0
YCL066W	YCR040W	0
YCL066W	YPR199C	0
YCL066W	YJL056C	0
YCL066W	YHR006W	0
YCL066W	YKL109W	0
YCL066W	YDL170W	0
YCL066W	YLR013W	0
YCL066W	YGR044C	0
YCL066W	YOR032C	0
YCL066W	YCR018C	0
YCL066W	YLR098C	0
YCL066W	YOR140W	0
YCL066W	YJL110C	0
YCL066W	YDR146C	0
YCL066W	YKR034W	0
YCL066W	YGL162W	0
YCL066W	YMR070W	0
YCL066W	YHL027W	0
YCL066W	YLR131C	0
YCL066W	YGL035C	0
YCL066W	YDR123C	0
YCL066W	YOR344C	0
YCL066W	YER045C	0
YCL066W	YJL166W	0
YCL066W	YNL253W	0
YCL066W	YDR275W	0
YCL066W	YKL141W	0
YCL066W	YMR086CA	0
YCL066W	YPL026C	0
YCL066W	YHR111W	0
YCL066W	YHR145C	0
YCL066W	YIR006C	0
YCL066W	YDR129C	0
YCL066W	YOL042W	0
YCL066W	YDR210WD	0
YCL066W	YEL001C	0
YCL066W	YFL022C	0
YCL066W	YER177W	0
YCL066W	YMR136W	0
YCL066W	YOL157C	0
YCL066W	YNL254C	0
YCL066W	YGR073C	0
YCL066W	YGR019W	0
YCL066W	YPL251W	0
YCL066W	YPL078C	0
YCL066W	YLR463C	0
YCL066W	YFR017C	0
YKL109W	YCR097W	0
YKL109W	YPR199C	0
YKL109W	YJL056C	0
YKL109W	YHR006W	0
YKL109W	YDL170W	0
YKL109W	YLR013W	0
YKL109W	YGR044C	0
YKL109W	YOR032C	0
YKL109W	YCR018C	0
YKL109W	YLR098C	0
YKL109W	YOR140W	0
YKL109W	YJL110C	0
YKL109W	YDR146C	0
YKL109W	YKR034W	0
YKL109W	YGL162W	0
YKL109W	YMR070W	0
YKL109W	YHL027W	0
YKL109W	YLR131C	0
YKL109W	YGL035C	0
YKL109W	YDR123C	0
YKL109W	YOR344C	0
YKL109W	YER045C	0
YKL109W	YNL253W	0
YKL109W	YDR275W	0
YKL109W	YMR086CA	0
YKL109W	YPL026C	0
YKL109W	YIR006C	0
YKL109W	YDR129C	0
YKL109W	YOL042W	0
YKL109W	YDR210WD	0
YKL109W	YFL022C	0
YKL109W	YER177W	0
YKL109W	YMR136W	0
YKL109W	YIL099W	0
YKL109W	YOL157C	0
YKL109W	YNL254C	0
YKL109W	YGR073C	0
YKL109W	YGR019W	0
YKL109W	YPL251W	0
YKL109W	YPL078C	0
YKL109W	YFR017C	0
YDL170W	YCR097W	0
YDL170W	YPR199C	0
YDL170W	YJL056C	0
YDL170W	YHR006W	0
YDL170W	YCL066W	0
YDL170W	YKL109W	0
YDL170W	YLR013W	0
YDL170W	YGR044C	0
YDL170W	YOR032C	0
YDL170W	YCR018C	0
YDL170W	YLR098C	0
YDL170W	YOR140W	0
YDL170W	YJL110C	0
YDL170W	YDR146C	0
YDL170W	YKR034W	0
YDL170W	YGL162W	0
YDL170W	YMR070W	0
YDL170W	YHL027W	0
YDL170W	YLR131C	0
YDL170W	YGL035C	0
YDL170W	YDR123C	0
YDL170W	YOR344C	0
YDL170W	YER045C	0
YDL170W	YJL166W	0
YDL170W	YNL253W	0
YDL170W	YDR275W	0
YDL170W	YKL141W	0
YDL170W	YMR086CA	0
YDL170W	YPL026C	0
YDL170W	YHR111W	0
YDL170W	YHR145C	0
YDL170W	YIR006C	0
YDL170W	YOL042W	0
YDL170W	YEL001C	0
YDL170W	YFL022C	0
YDL170W	YER177W	0
YDL170W	YMR136W	0
YDL170W	YIL099W	0
YDL170W	YOL157C	0
YDL170W	YNL254C	0
YDL170W	YGR073C	0
YDL170W	YPL078C	0
YDL170W	YFR017C	0
YLR013W	YCR097W	0
YLR013W	YPR199C	0
YLR013W	YJL056C	0
YLR013W	YHR006W	0
YLR013W	YKL109W	0
YLR013W	YDL170W	0
YLR013W	YGR044C	0
YLR013W	YOR032C	0
YLR013W	YCR018C	0
YLR013W	YLR098C	0
YLR013W	YOR140W	0
YLR013W	YJL110C	0
YLR013W	YDR146C	0
YLR013W	YKR034W	0
YLR013W	YGL162W	0
YLR013W	YMR070W	0
YLR013W	YHL027W	0
YLR013W	YLR131C	0
YLR013W	YGL035C	0
YLR013W	YDR123C	0
YLR013W	YOR344C	0
YLR013W	YER045C	0
YLR013W	YJL166W	0
YLR013W	YNL253W	0
YLR013W	YDR275W	0
YLR013W	YKL141W	0
YLR013W	YMR086CA	0
YLR013W	YPL026C	0
YLR013W	YHR111W	0
YLR013W	YHR145C	0
YLR013W	YIR006C	0
YLR013W	YDR129C	0
YLR013W	YOL042W	0
YLR013W	YDR210WD	0
YLR013W	YEL001C	0
YLR013W	YFL022C	0
YLR013W	YER177W	0
YLR013W	YMR136W	0
YLR013W	YIL099W	0
YLR013W	YOL157C	0
YLR013W	YNL254C	0
YLR013W	YGR073C	0
YLR013W	YGR019W	0
YLR013W	YPL251W	0
YLR013W	YPL078C	0
YLR013W	YFR017C	0
YGR044C	YCR097W	0
YGR044C	YCR040W	0
YGR044C	YPR199C	0
YGR044C	YJL056C	0
YGR044C	YHR006W	0
YGR044C	YCL066W	0
YGR044C	YKL109W	0
YGR044C	YDL170W	0
YGR044C	YLR013W	0
YGR044C	YOR032C	0
YGR044C	YLR098C	0
YGR044C	YJL110C	0
YGR044C	YDR146C	0
YGR044C	YKR034W	0
YGR044C	YGL162W	0
YGR044C	YMR070W	0
YGR044C	YHL027W	0
YGR044C	YLR131C	0
YGR044C	YGL035C	0
YGR044C	YDR123C	0
YGR044C	YOR344C	0
YGR044C	YER045C	0
YGR044C	YJL166W	0
YGR044C	YNL253W	0
YGR044C	YDR275W	0
YGR044C	YKL141W	0
YGR044C	YMR086CA	0
YGR044C	YPL026C	0
YGR044C	YHR111W	0
YGR044C	YHR145C	0
YGR044C	YIR006C	0
YGR044C	YDR129C	0
YGR044C	YOL042W	0
YGR044C	YDR210WD	0
YGR044C	YEL001C	0
YGR044C	YFL022C	0
YGR044C	YER177W	0
YGR044C	YMR136W	0
YGR044C	YIL099W	0
YGR044C	YOL157C	0
YGR044C	YNL254C	0
YGR044C	YGR073C	0
YGR044C	YGR019W	0
YGR044C	YPL251W	0
YGR044C	YPL078C	0
YGR044C	YLR463C	0
YOR032C	YCR097W	0
YOR032C	YCR040W	0
YOR032C	YPR199C	0
YOR032C	YJL056C	0
YOR032C	YCL066W	0
YOR032C	YKL109W	0
YOR032C	YDL170W	0
YOR032C	YLR013W	0
YOR032C	YGR044C	0
YOR032C	YCR018C	0
YOR032C	YLR098C	0
YOR032C	YOR140W	0
YOR032C	YJL110C	0
YOR032C	YDR146C	0
YOR032C	YKR034W	0
YOR032C	YGL162W	0
YOR032C	YMR070W	0
YOR032C	YHL027W	0
YOR032C	YLR131C	0
YOR032C	YGL035C	0
YOR032C	YDR123C	0
YOR032C	YOR344C	0
YOR032C	YER045C	0
YOR032C	YJL166W	0
YOR032C	YNL253W	0
YOR032C	YDR275W	0
YOR032C	YKL141W	0
YOR032C	YMR086CA	0
YOR032C	YPL026C	0
YOR032C	YHR111W	0
YOR032C	YHR145C	0
YOR032C	YIR006C	0
YOR032C	YDR129C	0
YOR032C	YOL042W	0
YOR032C	YDR210WD	0
YOR032C	YEL001C	0
YOR032C	YFL022C	0
YOR032C	YER177W	0
YOR032C	YMR136W	0
YOR032C	YIL099W	0
YOR032C	YOL157C	0
YOR032C	YNL254C	0
YOR032C	YGR073C	0
YOR032C	YGR019W	0
YOR032C	YPL251W	0
YOR032C	YPL078C	0
YOR032C	YLR463C	0
YOR032C	YFR017C	0
YCR018C	YCR097W	0
YCR018C	YCR040W	0
YCR018C	YPR199C	0
YCR018C	YJL056C	0
YCR018C	YHR006W	0
YCR018C	YCL066W	0
YCR018C	YKL109W	0
YCR018C	YDL170W	0
YCR018C	YLR013W	0
YCR018C	YGR044C	0
YCR018C	YOR032C	0
YCR018C	YLR098C	0
YCR018C	YOR140W	0
YCR018C	YJL110C	0
YCR018C	YDR146C	0
YCR018C	YKR034W	0
YCR018C	YGL162W	0
YCR018C	YMR070W	0
YCR018C	YHL027W	0
YCR018C	YLR131C	0
YCR018C	YGL035C	0
YCR018C	YDR123C	0
YCR018C	YOR344C	0
YCR018C	YER045C	0
YCR018C	YJL166W	0
YCR018C	YNL253W	0
YCR018C	YDR275W	0
YCR018C	YKL141W	0
YCR018C	YMR086CA	0
YCR018C	YPL026C	0
YCR018C	YHR111W	0
YCR018C	YHR145C	0
YCR018C	YIR006C	0
YCR018C	YDR129C	0
YCR018C	YOL042W	0
YCR018C	YDR210WD	0
YCR018C	YEL001C	0
YCR018C	YFL022C	0
YCR018C	YER177W	0
YCR018C	YMR136W	0
YCR018C	YIL099W	0
YCR018C	YOL157C	0
YCR018C	YNL254C	0
YCR018C	YGR073C	0
YCR018C	YGR019W	0
YCR018C	YPL078C	0
YCR018C	YLR463C	0
YLR098C	YCR097W	0
YLR098C	YPR199C	0
YLR098C	YJL056C	0
YLR098C	YHR006W	0
YLR098C	YKL109W	0
YLR098C	YDL170W	0
YLR098C	YLR013W	0
YLR098C	YGR044C	0
YLR098C	YOR032C	0
YLR098C	YCR018C	0
YLR098C	YOR140W	0
YLR098C	YJL110C	0
YLR098C	YDR146C	0
YLR098C	YKR034W	0
YLR098C	YGL162W	0
YLR098C	YMR070W	0
YLR098C	YHL027W	0
YLR098C	YLR131C	0
YLR098C	YGL035C	0
YLR098C	YDR123C	0
YLR098C	YOR344C	0
YLR098C	YER045C	0
YLR098C	YJL166W	0
YLR098C	YNL253W	0
YLR098C	YDR275W	0
YLR098C	YKL141W	0
YLR098C	YMR086CA	0
YLR098C	YPL026C	0
YLR098C	YHR111W	0
YLR098C	YHR145C	0
YLR098C	YIR006C	0
YLR098C	YDR129C	0
YLR098C	YOL042W	0
YLR098C	YDR210WD	0
YLR098C	YEL001C	0
YLR098C	YFL022C	0
YLR098C	YER177W	0
YLR098C	YMR136W	0
YLR098C	YIL099W	0
YLR098C	YOL157C	0
YLR098C	YNL254C	0
YLR098C	YGR073C	0
YLR098C	YGR019W	0
YLR098C	YPL251W	0
YLR098C	YPL078C	0
YLR098C	YLR463C	0
YLR098C	YFR017C	0
YOR140W	YCR097W	0
YOR140W	YCR040W	0
YOR140W	YPR199C	0
YOR140W	YJL056C	0
YOR140W	YHR006W	0
YOR140W	YCL066W	0
YOR140W	YKL109W	0
YOR140W	YDL170W	0
YOR140W	YLR013W	0
YOR140W	YGR044C	0
YOR140W	YOR032C	0
YOR140W	YCR018C	0
YOR140W	YLR098C	0
YOR140W	YJL110C	0
YOR140W	YDR146C	0
YOR140W	YKR034W	0
YOR140W	YGL162W	0
YOR140W	YMR070W	0
YOR140W	YHL027W	0
YOR140W	YLR131C	0
YOR140W	YGL035C	0
YOR140W	YDR123C	0
YOR140W	YOR344C	0
YOR140W	YER045C	0
YOR140W	YJL166W	0
YOR140W	YNL253W	0
YOR140W	YDR275W	0
YOR140W	YKL141W	0
YOR140W	YMR086CA	0
YOR140W	YPL026C	0
YOR140W	YHR111W	0
YOR140W	YHR145C	0
YOR140W	YIR006C	0
YOR140W	YDR129C	0
YOR140W	YOL042W	0
YOR140W	YDR210WD	0
YOR140W	YEL001C	0
YOR140W	YFL022C	0
YOR140W	YER177W	0
YOR140W	YMR136W	0
YOR140W	YIL099W	0
YOR140W	YOL157C	0
YOR140W	YNL254C	0
YOR140W	YGR073C	0
YOR140W	YGR019W	0
YOR140W	YPL251W	0
YOR140W	YPL078C	0
YOR140W	YLR463C	0
YOR140W	YFR017C	0
YJL110C	YCR097W	0
YJL110C	YPR199C	0
YJL110C	YJL056C	0
YJL110C	YHR006W	0
YJL110C	YKL109W	0
YJL110C	YDL170W	0
YJL110C	YLR013W	0
YJL110C	YGR044C	0
YJL110C	YOR032C	0
YJL110C	YCR018C	0
YJL110C	YLR098C	0
YJL110C	YOR140W	0
YJL110C	YDR146C	0
YJL110C	YGL162W	0
YJL110C	YMR070W	0
YJL110C	YHL027W	0
YJL110C	YLR131C	0
YJL110C	YGL035C	0
YJL110C	YDR123C	0
YJL110C	YOR344C	0
YJL110C	YER045C	0
YJL110C	YJL166W	0
YJL110C	YNL253W	0
YJL110C	YDR275W	0
YJL110C	YKL141W	0
YJL110C	YMR086CA	0
YJL110C	YPL026C	0
YJL110C	YHR111W	0
YJL110C	YHR145C	0
YJL110C	YIR006C	0
YJL110C	YDR129C	0
YJL110C	YOL042W	0
YJL110C	YDR210WD	0
YJL110C	YEL001C	0
YJL110C	YFL022C	0
YJL110C	YER177W	0
YJL110C	YMR136W	0
YJL110C	YIL099W	0
YJL110C	YOL157C	0
YJL110C	YNL254C	0
YJL110C	YGR073C	0
YJL110C	YGR019W	0
YJL110C	YPL251W	0
YJL110C	YPL078C	0
YJL110C	YFR017C	0
YDR146C	YCR097W	0
YDR146C	YCR040W	0
YDR146C	YPR199C	0
YDR146C	YJL056C	0
YDR146C	YHR006W	0
YDR146C	YCL066W	0
YDR146C	YKL109W	0
YDR146C	YDL170W	0
YDR146C	YOR032C	0
YDR146C	YLR098C	0
YDR146C	YJL110C	0
YDR146C	YKR034W	0
YDR146C	YGL162W	0
YDR146C	YMR070W	0
YDR146C	YHL027W	0
YDR146C	YLR131C	0
YDR146C	YGL035C	0
YDR146C	YDR123C	0
YDR146C	YOR344C	0
YDR146C	YER045C	0
YDR146C	YJL166W	0
YDR146C	YNL253W	0
YDR146C	YDR275W	0
YDR146C	YKL141W	0
YDR146C	YMR086CA	0
YDR146C	YPL026C	0
YDR146C	YHR111W	0
YDR146C	YHR145C	0
YDR146C	YIR006C	0
YDR146C	YDR129C	0
YDR146C	YOL042W	0
YDR146C	YDR210WD	0
YDR146C	YEL001C	0
YDR146C	YER177W	0
YDR146C	YMR136W	0
YDR146C	YIL099W	0
YDR146C	YOL157C	0
YDR146C	YNL254C	0
YDR146C	YGR073C	0
YDR146C	YGR019W	0
YDR146C	YPL251W	0
YDR146C	YPL078C	0
YDR146C	YLR463C	0
YKR034W	YCR097W	0
YKR034W	YPR199C	0
YKR034W	YJL056C	0
YKR034W	YHR006W	0
YKR034W	YCL066W	0
YKR034W	YKL109W	0
YKR034W	YDL170W	0
YKR034W	YLR013W	0
YKR034W	YGR044C	0
YKR034W	YOR032C	0
YKR034W	YCR018C	0
YKR034W	YLR098C	0
YKR034W	YOR140W	0
YKR034W	YDR146C	0
YKR034W	YGL162W	0
YKR034W	YMR070W	0
YKR034W	YHL027W	0
YKR034W	YLR131C	0
YKR034W	YGL035C	0
YKR034W	YDR123C	0
YKR034W	YOR344C	0
YKR034W	YER045C	0
YKR034W	YJL166W	0
YKR034W	YNL253W	0
YKR034W	YDR275W	0
YKR034W	YKL141W	0
YKR034W	YPL026C	0
YKR034W	YHR111W	0
YKR034W	YHR145C	0
YKR034W	YIR006C	0
YKR034W	YDR129C	0
YKR034W	YDR210WD	0
YKR034W	YEL001C	0
YKR034W	YFL022C	0
YKR034W	YER177W	0
YKR034W	YMR136W	0
YKR034W	YIL099W	0
YKR034W	YOL157C	0
YKR034W	YNL254C	0
YKR034W	YPL251W	0
YKR034W	YPL078C	0
YKR034W	YLR463C	0
YKR034W	YFR017C	0
YGL162W	YCR097W	0
YGL162W	YCR040W	0
YGL162W	YPR199C	0
YGL162W	YJL056C	0
YGL162W	YHR006W	0
YGL162W	YCL066W	0
YGL162W	YDL170W	0
YGL162W	YLR013W	0
YGL162W	YGR044C	0
YGL162W	YOR032C	0
YGL162W	YCR018C	0
YGL162W	YLR098C	0
YGL162W	YOR140W	0
YGL162W	YJL110C	0
YGL162W	YDR146C	0
YGL162W	YKR034W	0
YGL162W	YLR131C	0
YGL162W	YGL035C	0
YGL162W	YDR123C	0
YGL162W	YOR344C	0
YGL162W	YJL166W	0
YGL162W	YNL253W	0
YGL162W	YDR275W	0
YGL162W	YKL141W	0
YGL162W	YMR086CA	0
YGL162W	YHR111W	0
YGL162W	YHR145C	0
YGL162W	YIR006C	0
YGL162W	YDR129C	0
YGL162W	YOL042W	0
YGL162W	YDR210WD	0
YGL162W	YEL001C	0
YGL162W	YFL022C	0
YGL162W	YER177W	0
YGL162W	YOL157C	0
YGL162W	YNL254C	0
YGL162W	YGR073C	0
YGL162W	YGR019W	0
YGL162W	YPL251W	0
YGL162W	YPL078C	0
YGL162W	YLR463C	0
YGL162W	YFR017C	0
YMR070W	YCR097W	0
YMR070W	YCR040W	0
YMR070W	YPR199C	0
YMR070W	YJL056C	0
YMR070W	YHR006W	0
YMR070W	YCL066W	0
YMR070W	YKL109W	0
YMR070W	YDL170W	0
YMR070W	YLR013W	0
YMR070W	YGR044C	0
YMR070W	YOR032C	0
YMR070W	YCR018C	0
YMR070W	YLR098C	0
YMR070W	YOR140W	0
YMR070W	YJL110C	0
YMR070W	YDR146C	0
YMR070W	YKR034W	0
YMR070W	YGL162W	0
YMR070W	YHL027W	0
YMR070W	YLR131C	0
YMR070W	YGL035C	0
YMR070W	YDR123C	0
YMR070W	YOR344C	0
YMR070W	YER045C	0
YMR070W	YJL166W	0
YMR070W	YNL253W	0
YMR070W	YDR275W	0
YMR070W	YKL141W	0
YMR070W	YMR086CA	0
YMR070W	YPL026C	0
YMR070W	YHR111W	0
YMR070W	YHR145C	0
YMR070W	YIR006C	0
YMR070W	YDR129C	0
YMR070W	YOL042W	0
YMR070W	YDR210WD	0
YMR070W	YEL001C	0
YMR070W	YFL022C	0
YMR070W	YER177W	0
YMR070W	YMR136W	0
YMR070W	YOL157C	0
YMR070W	YNL254C	0
YMR070W	YGR073C	0
YMR070W	YGR019W	0
YMR070W	YPL251W	0
YMR070W	YPL078C	0
YMR070W	YLR463C	0
YMR070W	YFR017C	0
YHL027W	YCR097W	0
YHL027W	YCR040W	0
YHL027W	YPR199C	0
YHL027W	YJL056C	0
YHL027W	YHR006W	0
YHL027W	YCL066W	0
YHL027W	YKL109W	0
YHL027W	YDL170W	0
YHL027W	YLR013W	0
YHL027W	YGR044C	0
YHL027W	YOR032C	0
YHL027W	YCR018C	0
YHL027W	YLR098C	0
YHL027W	YOR140W	0
YHL027W	YJL110C	0
YHL027W	YDR146C	0
YHL027W	YKR034W	0
YHL027W	YGL162W	0
YHL027W	YMR070W	0
YHL027W	YLR131C	0
YHL027W	YGL035C	0
YHL027W	YDR123C	0
YHL027W	YOR344C	0
YHL027W	YJL166W	0
YHL027W	YNL253W	0
YHL027W	YDR275W	0
YHL027W	YKL141W	0
YHL027W	YMR086CA	0
YHL027W	YPL026C	0
YHL027W	YHR111W	0
YHL027W	YHR145C	0
YHL027W	YIR006C	0
YHL027W	YOL042W	0
YHL027W	YDR210WD	0
YHL027W	YEL001C	0
YHL027W	YFL022C	0
YHL027W	YER177W	0
YHL027W	YNL254C	0
YHL027W	YGR073C	0
YHL027W	YGR019W	0
YHL027W	YPL251W	0
YHL027W	YPL078C	0
YHL027W	YLR463C	0
YHL027W	YFR017C	0
YLR131C	YCR097W	0
YLR131C	YCR040W	0
YLR131C	YPR199C	0
YLR131C	YJL056C	0
YLR131C	YHR006W	0
YLR131C	YCL066W	0
YLR131C	YKL109W	0
YLR131C	YDL170W	0
YLR131C	YLR013W	0
YLR131C	YOR032C	0
YLR131C	YCR018C	0
YLR131C	YLR098C	0
YLR131C	YJL110C	0
YLR131C	YDR146C	0
YLR131C	YKR034W	0
YLR131C	YGL162W	0
YLR131C	YMR070W	0
YLR131C	YHL027W	0
YLR131C	YGL035C	0
YLR131C	YDR123C	0
YLR131C	YOR344C	0
YLR131C	YER045C	0
YLR131C	YJL166W	0
YLR131C	YNL253W	0
YLR131C	YDR275W	0
YLR131C	YKL141W	0
YLR131C	YMR086CA	0
YLR131C	YHR111W	0
YLR131C	YHR145C	0
YLR131C	YIR006C	0
YLR131C	YDR129C	0
YLR131C	YOL042W	0
YLR131C	YDR210WD	0
YLR131C	YEL001C	0
YLR131C	YMR136W	0
YLR131C	YIL099W	0
YLR131C	YOL157C	0
YLR131C	YNL254C	0
YLR131C	YGR073C	0
YLR131C	YGR019W	0
YLR131C	YPL251W	0
YLR131C	YPL078C	0
YLR131C	YLR463C	0
YGL035C	YCR097W	0
YGL035C	YCR040W	0
YGL035C	YPR199C	0
YGL035C	YJL056C	0
YGL035C	YHR006W	0
YGL035C	YCL066W	0
YGL035C	YDL170W	0
YGL035C	YLR013W	0
YGL035C	YGR044C	0
YGL035C	YOR032C	0
YGL035C	YCR018C	0
YGL035C	YLR098C	0
YGL035C	YOR140W	0
YGL035C	YJL110C	0
YGL035C	YKR034W	0
YGL035C	YGL162W	0
YGL035C	YMR070W	0
YGL035C	YHL027W	0
YGL035C	YLR131C	0
YGL035C	YDR123C	0
YGL035C	YOR344C	0
YGL035C	YER045C	0
YGL035C	YJL166W	0
YGL035C	YNL253W	0
YGL035C	YDR275W	0
YGL035C	YKL141W	0
YGL035C	YMR086CA	0
YGL035C	YPL026C	0
YGL035C	YHR111W	0
YGL035C	YHR145C	0
YGL035C	YIR006C	0
YGL035C	YDR129C	0
YGL035C	YOL042W	0
YGL035C	YDR210WD	0
YGL035C	YEL001C	0
YGL035C	YFL022C	0
YGL035C	YER177W	0
YGL035C	YMR136W	0
YGL035C	YIL099W	0
YGL035C	YNL254C	0
YGL035C	YGR073C	0
YGL035C	YGR019W	0
YGL035C	YPL251W	0
YGL035C	YPL078C	0
YGL035C	YLR463C	0
YGL035C	YFR017C	0
YDR123C	YCR097W	0
YDR123C	YCR040W	0
YDR123C	YPR199C	0
YDR123C	YJL056C	0
YDR123C	YHR006W	0
YDR123C	YCL066W	0
YDR123C	YKL109W	0
YDR123C	YDL170W	0
YDR123C	YLR013W	0
YDR123C	YGR044C	0
YDR123C	YOR032C	0
YDR123C	YCR018C	0
YDR123C	YLR098C	0
YDR123C	YOR140W	0
YDR123C	YJL110C	0
YDR123C	YKR034W	0
YDR123C	YGL162W	0
YDR123C	YHL027W	0
YDR123C	YLR131C	0
YDR123C	YGL035C	0
YDR123C	YOR344C	0
YDR123C	YER045C	0
YDR123C	YJL166W	0
YDR123C	YNL253W	0
YDR123C	YKL141W	0
YDR123C	YMR086CA	0
YDR123C	YPL026C	0
YDR123C	YHR111W	0
YDR123C	YHR145C	0
YDR123C	YIR006C	0
YDR123C	YDR129C	0
YDR123C	YOL042W	0
YDR123C	YDR210WD	0
YDR123C	YEL001C	0
YDR123C	YFL022C	0
YDR123C	YER177W	0
YDR123C	YMR136W	0
YDR123C	YIL099W	0
YDR123C	YOL157C	0
YDR123C	YNL254C	0
YDR123C	YGR073C	0
YDR123C	YGR019W	0
YDR123C	YPL251W	0
YDR123C	YPL078C	0
YDR123C	YLR463C	0
YDR123C	YFR017C	0
YOR344C	YCR097W	0
YOR344C	YCR040W	0
YOR344C	YPR199C	0
YOR344C	YJL056C	0
YOR344C	YCL066W	0
YOR344C	YKL109W	0
YOR344C	YDL170W	0
YOR344C	YLR013W	0
YOR344C	YGR044C	0
YOR344C	YOR032C	0
YOR344C	YCR018C	0
YOR344C	YLR098C	0
YOR344C	YOR140W	0
YOR344C	YJL110C	0
YOR344C	YDR146C	0
YOR344C	YKR034W	0
YOR344C	YGL162W	0
YOR344C	YMR070W	0
YOR344C	YHL027W	0
YOR344C	YLR131C	0
YOR344C	YGL035C	0
YOR344C	YDR123C	0
YOR344C	YER045C	0
YOR344C	YJL166W	0
YOR344C	YNL253W	0
YOR344C	YDR275W	0
YOR344C	YKL141W	0
YOR344C	YMR086CA	0
YOR344C	YPL026C	0
YOR344C	YHR111W	0
YOR344C	YHR145C	0
YOR344C	YDR129C	0
YOR344C	YOL042W	0
YOR344C	YDR210WD	0
YOR344C	YFL022C	0
YOR344C	YMR136W	0
YOR344C	YIL099W	0
YOR344C	YOL157C	0
YOR344C	YNL254C	0
YOR344C	YGR073C	0
YOR344C	YGR019W	0
YOR344C	YPL251W	0
YOR344C	YPL078C	0
YOR344C	YLR463C	0
YOR344C	YFR017C	0
YER045C	YCR097W	0
YER045C	YCR040W	0
YER045C	YPR199C	0
YER045C	YJL056C	0
YER045C	YHR006W	0
YER045C	YCL066W	0
YER045C	YKL109W	0
YER045C	YDL170W	0
YER045C	YLR013W	0
YER045C	YGR044C	0
YER045C	YOR032C	0
YER045C	YCR018C	0
YER045C	YLR098C	0
YER045C	YOR140W	0
YER045C	YJL110C	0
YER045C	YDR146C	0
YER045C	YKR034W	0
YER045C	YGL162W	0
YER045C	YMR070W	0
YER045C	YHL027W	0
YER045C	YLR131C	0
YER045C	YGL035C	0
YER045C	YDR123C	0
YER045C	YOR344C	0
YER045C	YJL166W	0
YER045C	YNL253W	0
YER045C	YDR275W	0
YER045C	YKL141W	0
YER045C	YMR086CA	0
YER045C	YPL026C	0
YER045C	YHR111W	0
YER045C	YHR145C	0
YER045C	YIR006C	0
YER045C	YDR129C	0
YER045C	YOL042W	0
YER045C	YDR210WD	0
YER045C	YEL001C	0
YER045C	YFL022C	0
YER045C	YER177W	0
YER045C	YMR136W	0
YER045C	YIL099W	0
YER045C	YOL157C	0
YER045C	YNL254C	0
YER045C	YGR073C	0
YER045C	YGR019W	0
YER045C	YPL251W	0
YER045C	YLR463C	0
YER045C	YFR017C	0
YJL166W	YCR097W	0
YJL166W	YCR040W	0
YJL166W	YPR199C	0
YJL166W	YJL056C	0
YJL166W	YHR006W	0
YJL166W	YCL066W	0
YJL166W	YKL109W	0
YJL166W	YDL170W	0
YJL166W	YLR013W	0
YJL166W	YGR044C	0
YJL166W	YOR032C	0
YJL166W	YCR018C	0
YJL166W	YLR098C	0
YJL166W	YOR140W	0
YJL166W	YJL110C	0
YJL166W	YDR146C	0
YJL166W	YKR034W	0
YJL166W	YGL162W	0
YJL166W	YMR070W	0
YJL166W	YHL027W	0
YJL166W	YLR131C	0
YJL166W	YGL035C	0
YJL166W	YDR123C	0
YJL166W	YOR344C	0
YJL166W	YER045C	0
YJL166W	YNL253W	0
YJL166W	YDR275W	0
YJL166W	YKL141W	0
YJL166W	YMR086CA	0
YJL166W	YPL026C	0
YJL166W	YHR111W	0
YJL166W	YHR145C	0
YJL166W	YIR006C	0
YJL166W	YDR129C	0
YJL166W	YOL042W	0
YJL166W	YDR210WD	0
YJL166W	YEL001C	0
YJL166W	YFL022C	0
YJL166W	YER177W	0
YJL166W	YMR136W	0
YJL166W	YIL099W	0
YJL166W	YOL157C	0
YJL166W	YNL254C	0
YJL166W	YGR073C	0
YJL166W	YGR019W	0
YJL166W	YPL251W	0
YJL166W	YPL078C	0
YJL166W	YLR463C	0
YJL166W	YFR017C	0
YNL253W	YCR097W	0
YNL253W	YCR040W	0
YNL253W	YPR199C	0
YNL253W	YJL056C	0
YNL253W	YHR006W	0
YNL253W	YCL066W	0
YNL253W	YKL109W	0
YNL253W	YDL170W	0
YNL253W	YLR013W	0
YNL253W	YGR044C	0
YNL253W	YOR032C	0
YNL253W	YCR018C	0
YNL253W	YLR098C	0
YNL253W	YOR140W	0
YNL253W	YJL110C	0
YNL253W	YDR146C	0
YNL253W	YKR034W	0
YNL253W	YGL162W	0
YNL253W	YMR070W	0
YNL253W	YHL027W	0
YNL253W	YLR131C	0
YNL253W	YGL035C	0
YNL253W	YDR123C	0
YNL253W	YOR344C	0
YNL253W	YER045C	0
YNL253W	YJL166W	0
YNL253W	YDR275W	0
YNL253W	YKL141W	0
YNL253W	YMR086CA	0
YNL253W	YPL026C	0
YNL253W	YHR111W	0
YNL253W	YHR145C	0
YNL253W	YIR006C	0
YNL253W	YDR129C	0
YNL253W	YOL042W	0
YNL253W	YDR210WD	0
YNL253W	YEL001C	0
YNL253W	YFL022C	0
YNL253W	YER177W	0
YNL253W	YMR136W	0
YNL253W	YIL099W	0
YNL253W	YOL157C	0
YNL253W	YNL254C	0
YNL253W	YGR073C	0
YNL253W	YGR019W	0
YNL253W	YPL251W	0
YNL253W	YPL078C	0
YNL253W	YLR463C	0
YNL253W	YFR017C	0
YDR275W	YCR097W	0
YDR275W	YCR040W	0
YDR275W	YPR199C	0
YDR275W	YJL056C	0
YDR275W	YHR006W	0
YDR275W	YCL066W	0
YDR275W	YKL109W	0
YDR275W	YDL170W	0
YDR275W	YLR013W	0
YDR275W	YGR044C	0
YDR275W	YOR032C	0
YDR275W	YCR018C	0
YDR275W	YLR098C	0
YDR275W	YOR140W	0
YDR275W	YJL110C	0
YDR275W	YDR146C	0
YDR275W	YKR034W	0
YDR275W	YGL162W	0
YDR275W	YMR070W	0
YDR275W	YHL027W	0
YDR275W	YLR131C	0
YDR275W	YGL035C	0
YDR275W	YDR123C	0
YDR275W	YOR344C	0
YDR275W	YER045C	0
YDR275W	YJL166W	0
YDR275W	YNL253W	0
YDR275W	YKL141W	0
YDR275W	YMR086CA	0
YDR275W	YPL026C	0
YDR275W	YHR111W	0
YDR275W	YHR145C	0
YDR275W	YIR006C	0
YDR275W	YDR129C	0
YDR275W	YOL042W	0
YDR275W	YDR210WD	0
YDR275W	YEL001C	0
YDR275W	YFL022C	0
YDR275W	YER177W	0
YDR275W	YMR136W	0
YDR275W	YIL099W	0
YDR275W	YOL157C	0
YDR275W	YNL254C	0
YDR275W	YGR073C	0
YDR275W	YGR019W	0
YDR275W	YPL251W	0
YDR275W	YPL078C	0
YDR275W	YLR463C	0
YDR275W	YFR017C	0
YKL141W	YCR097W	0
YKL141W	YCR040W	0
YKL141W	YPR199C	0
YKL141W	YJL056C	0
YKL141W	YHR006W	0
YKL141W	YCL066W	0
YKL141W	YKL109W	0
YKL141W	YDL170W	0
YKL141W	YLR013W	0
YKL141W	YGR044C	0
YKL141W	YOR032C	0
YKL141W	YCR018C	0
YKL141W	YLR098C	0
YKL141W	YOR140W	0
YKL141W	YJL110C	0
YKL141W	YDR146C	0
YKL141W	YKR034W	0
YKL141W	YGL162W	0
YKL141W	YMR070W	0
YKL141W	YHL027W	0
YKL141W	YLR131C	0
YKL141W	YGL035C	0
YKL141W	YDR123C	0
YKL141W	YOR344C	0
YKL141W	YER045C	0
YKL141W	YJL166W	0
YKL141W	YNL253W	0
YKL141W	YDR275W	0
YKL141W	YMR086CA	0
YKL141W	YPL026C	0
YKL141W	YHR111W	0
YKL141W	YHR145C	0
YKL141W	YIR006C	0
YKL141W	YDR129C	0
YKL141W	YOL042W	0
YKL141W	YDR210WD	0
YKL141W	YEL001C	0
YKL141W	YFL022C	0
YKL141W	YER177W	0
YKL141W	YMR136W	0
YKL141W	YIL099W	0
YKL141W	YOL157C	0
YKL141W	YNL254C	0
YKL141W	YGR073C	0
YKL141W	YGR019W	0
YKL141W	YPL251W	0
YKL141W	YPL078C	0
YKL141W	YLR463C	0
YKL141W	YFR017C	0
YMR086CA	YCR097W	0
YMR086CA	YCR040W	0
YMR086CA	YPR199C	0
YMR086CA	YJL056C	0
YMR086CA	YHR006W	0
YMR086CA	YCL066W	0
YMR086CA	YKL109W	0
YMR086CA	YDL170W	0
YMR086CA	YLR013W	0
YMR086CA	YGR044C	0
YMR086CA	YOR032C	0
YMR086CA	YCR018C	0
YMR086CA	YLR098C	0
YMR086CA	YOR140W	0
YMR086CA	YJL110C	0
YMR086CA	YDR146C	0
YMR086CA	YKR034W	0
YMR086CA	YGL162W	0
YMR086CA	YMR070W	0
YMR086CA	YHL027W	0
YMR086CA	YLR131C	0
YMR086CA	YGL035C	0
YMR086CA	YDR123C	0
YMR086CA	YOR344C	0
YMR086CA	YER045C	0
YMR086CA	YJL166W	0
YMR086CA	YNL253W	0
YMR086CA	YDR275W	0
YMR086CA	YKL141W	0
YMR086CA	YPL026C	0
YMR086CA	YHR111W	0
YMR086CA	YHR145C	0
YMR086CA	YIR006C	0
YMR086CA	YDR129C	0
YMR086CA	YOL042W	0
YMR086CA	YDR210WD	0
YMR086CA	YEL001C	0
YMR086CA	YFL022C	0
YMR086CA	YER177W	0
YMR086CA	YMR136W	0
YMR086CA	YIL099W	0
YMR086CA	YOL157C	0
YMR086CA	YNL254C	0
YMR086CA	YGR073C	0
YMR086CA	YGR019W	0
YMR086CA	YPL251W	0
YMR086CA	YPL078C	0
YMR086CA	YLR463C	0
YMR086CA	YFR017C	0
YPL026C	YCR097W	0
YPL026C	YCR040W	0
YPL026C	YPR199C	0
YPL026C	YJL056C	0
YPL026C	YHR006W	0
YPL026C	YCL066W	0
YPL026C	YKL109W	0
YPL026C	YDL170W	0
YPL026C	YLR013W	0
YPL026C	YGR044C	0
YPL026C	YOR032C	0
YPL026C	YCR018C	0
YPL026C	YLR098C	0
YPL026C	YOR140W	0
YPL026C	YJL110C	0
YPL026C	YDR146C	0
YPL026C	YKR034W	0
YPL026C	YGL162W	0
YPL026C	YMR070W	0
YPL026C	YHL027W	0
YPL026C	YLR131C	0
YPL026C	YGL035C	0
YPL026C	YDR123C	0
YPL026C	YOR344C	0
YPL026C	YER045C	0
YPL026C	YJL166W	0
YPL026C	YNL253W	0
YPL026C	YDR275W	0
YPL026C	YKL141W	0
YPL026C	YMR086CA	0
YPL026C	YHR111W	0
YPL026C	YHR145C	0
YPL026C	YIR006C	0
YPL026C	YDR129C	0
YPL026C	YOL042W	0
YPL026C	YDR210WD	0
YPL026C	YEL001C	0
YPL026C	YFL022C	0
YPL026C	YER177W	0
YPL026C	YMR136W	0
YPL026C	YIL099W	0
YPL026C	YOL157C	0
YPL026C	YNL254C	0
YPL026C	YGR073C	0
YPL026C	YGR019W	0
YPL026C	YPL251W	0
YPL026C	YPL078C	0
YPL026C	YLR463C	0
YPL026C	YFR017C	0
YHR111W	YCR097W	0
YHR111W	YCR040W	0
YHR111W	YPR199C	0
YHR111W	YJL056C	0
YHR111W	YHR006W	0
YHR111W	YCL066W	0
YHR111W	YKL109W	0
YHR111W	YDL170W	0
YHR111W	YLR013W	0
YHR111W	YGR044C	0
YHR111W	YOR032C	0
YHR111W	YCR018C	0
YHR111W	YLR098C	0
YHR111W	YOR140W	0
YHR111W	YJL110C	0
YHR111W	YDR146C	0
YHR111W	YKR034W	0
YHR111W	YGL162W	0
YHR111W	YMR070W	0
YHR111W	YHL027W	0
YHR111W	YLR131C	0
YHR111W	YGL035C	0
YHR111W	YDR123C	0
YHR111W	YOR344C	0
YHR111W	YER045C	0
YHR111W	YJL166W	0
YHR111W	YNL253W	0
YHR111W	YDR275W	0
YHR111W	YKL141W	0
YHR111W	YMR086CA	0
YHR111W	YPL026C	0
YHR111W	YHR145C	0
YHR111W	YIR006C	0
YHR111W	YDR129C	0
YHR111W	YOL042W	0
YHR111W	YDR210WD	0
YHR111W	YEL001C	0
YHR111W	YFL022C	0
YHR111W	YER177W	0
YHR111W	YMR136W	0
YHR111W	YIL099W	0
YHR111W	YOL157C	0
YHR111W	YNL254C	0
YHR111W	YGR073C	0
YHR111W	YGR019W	0
YHR111W	YPL251W	0
YHR111W	YPL078C	0
YHR111W	YLR463C	0
YHR111W	YFR017C	0
YHR145C	YCR097W	0
YHR145C	YCR040W	0
YHR145C	YPR199C	0
YHR145C	YJL056C	0
YHR145C	YHR006W	0
YHR145C	YCL066W	0
YHR145C	YKL109W	0
YHR145C	YDL170W	0
YHR145C	YLR013W	0
YHR145C	YGR044C	0
YHR145C	YOR032C	0
YHR145C	YCR018C	0
YHR145C	YLR098C	0
YHR145C	YOR140W	0
YHR145C	YJL110C	0
YHR145C	YDR146C	0
YHR145C	YKR034W	0
YHR145C	YGL162W	0
YHR145C	YMR070W	0
YHR145C	YHL027W	0
YHR145C	YLR131C	0
YHR145C	YGL035C	0
YHR145C	YDR123C	0
YHR145C	YOR344C	0
YHR145C	YER045C	0
YHR145C	YJL166W	0
YHR145C	YNL253W	0
YHR145C	YDR275W	0
YHR145C	YKL141W	0
YHR145C	YMR086CA	0
YHR145C	YPL026C	0
YHR145C	YHR111W	0
YHR145C	YIR006C	0
YHR145C	YDR129C	0
YHR145C	YOL042W	0
YHR145C	YDR210WD	0
YHR145C	YEL001C	0
YHR145C	YFL022C	0
YHR145C	YER177W	0
YHR145C	YMR136W	0
YHR145C	YIL099W	0
YHR145C	YOL157C	0
YHR145C	YNL254C	0
YHR145C	YGR073C	0
YHR145C	YGR019W	0
YHR145C	YPL251W	0
YHR145C	YPL078C	0
YHR145C	YLR463C	0
YHR145C	YFR017C	0
YIR006C	YCR097W	0
YIR006C	YCR040W	0
YIR006C	YPR199C	0
YIR006C	YJL056C	0
YIR006C	YHR006W	0
YIR006C	YCL066W	0
YIR006C	YKL109W	0
YIR006C	YDL170W	0
YIR006C	YLR013W	0
YIR006C	YGR044C	0
YIR006C	YOR032C	0
YIR006C	YCR018C	0
YIR006C	YLR098C	0
YIR006C	YOR140W	0
YIR006C	YJL110C	0
YIR006C	YDR146C	0
YIR006C	YKR034W	0
YIR006C	YGL162W	0
YIR006C	YMR070W	0
YIR006C	YHL027W	0
YIR006C	YLR131C	0
YIR006C	YGL035C	0
YIR006C	YDR123C	0
YIR006C	YOR344C	0
YIR006C	YER045C	0
YIR006C	YJL166W	0
YIR006C	YNL253W	0
YIR006C	YDR275W	0
YIR006C	YKL141W	0
YIR006C	YMR086CA	0
YIR006C	YPL026C	0
YIR006C	YHR111W	0
YIR006C	YHR145C	0
YIR006C	YDR129C	0
YIR006C	YOL042W	0
YIR006C	YDR210WD	0
YIR006C	YEL001C	0
YIR006C	YFL022C	0
YIR006C	YER177W	0
YIR006C	YMR136W	0
YIR006C	YIL099W	0
YIR006C	YOL157C	0
YIR006C	YNL254C	0
YIR006C	YGR073C	0
YIR006C	YGR019W	0
YIR006C	YPL251W	0
YIR006C	YPL078C	0
YIR006C	YLR463C	0
YIR006C	YFR017C	0
YDR129C	YCR097W	0
YDR129C	YCR040W	0
YDR129C	YPR199C	0
YDR129C	YJL056C	0
YDR129C	YHR006W	0
YDR129C	YCL066W	0
YDR129C	YKL109W	0
YDR129C	YDL170W	0
YDR129C	YLR013W	0
YDR129C	YGR044C	0
YDR129C	YOR032C	0
YDR129C	YCR018C	0
YDR129C	YLR098C	0
YDR129C	YOR140W	0
YDR129C	YJL110C	0
YDR129C	YDR146C	0
YDR129C	YKR034W	0
YDR129C	YGL162W	0
YDR129C	YMR070W	0
YDR129C	YHL027W	0
YDR129C	YLR131C	0
YDR129C	YGL035C	0
YDR129C	YDR123C	0
YDR129C	YOR344C	0
YDR129C	YER045C	0
YDR129C	YJL166W	0
YDR129C	YNL253W	0
YDR129C	YDR275W	0
YDR129C	YKL141W	0
YDR129C	YMR086CA	0
YDR129C	YPL026C	0
YDR129C	YHR111W	0
YDR129C	YHR145C	0
YDR129C	YIR006C	0
YDR129C	YOL042W	0
YDR129C	YDR210WD	0
YDR129C	YEL001C	0
YDR129C	YFL022C	0
YDR129C	YER177W	0
YDR129C	YMR136W	0
YDR129C	YIL099W	0
YDR129C	YOL157C	0
YDR129C	YNL254C	0
YDR129C	YGR073C	0
YDR129C	YGR019W	0
YDR129C	YPL251W	0
YDR129C	YPL078C	0
YDR129C	YLR463C	0
YDR129C	YFR017C	0
YOL042W	YCR097W	0
YOL042W	YCR040W	0
YOL042W	YPR199C	0
YOL042W	YJL056C	0
YOL042W	YHR006W	0
YOL042W	YCL066W	0
YOL042W	YKL109W	0
YOL042W	YDL170W	0
YOL042W	YLR013W	0
YOL042W	YGR044C	0
YOL042W	YOR032C	0
YOL042W	YCR018C	0
YOL042W	YLR098C	0
YOL042W	YOR140W	0
YOL042W	YJL110C	0
YOL042W	YDR146C	0
YOL042W	YKR034W	0
YOL042W	YGL162W	0
YOL042W	YMR070W	0
YOL042W	YHL027W	0
YOL042W	YLR131C	0
YOL042W	YGL035C	0
YOL042W	YDR123C	0
YOL042W	YOR344C	0
YOL042W	YER045C	0
YOL042W	YJL166W	0
YOL042W	YNL253W	0
YOL042W	YDR275W	0
YOL042W	YKL141W	0
YOL042W	YMR086CA	0
YOL042W	YPL026C	0
YOL042W	YHR111W	0
YOL042W	YHR145C	0
YOL042W	YIR006C	0
YOL042W	YDR129C	0
YOL042W	YDR210WD	0
YOL042W	YEL001C	0
YOL042W	YFL022C	0
YOL042W	YER177W	0
YOL042W	YMR136W	0
YOL042W	YIL099W	0
YOL042W	YOL157C	0
YOL042W	YNL254C	0
YOL042W	YGR073C	0
YOL042W	YGR019W	0
YOL042W	YPL251W	0
YOL042W	YPL078C	0
YOL042W	YLR463C	0
YOL042W	YFR017C	0
YDR210WD	YCR097W	0
YDR210WD	YCR040W	0
YDR210WD	YPR199C	0
YDR210WD	YJL056C	0
YDR210WD	YHR006W	0
YDR210WD	YCL066W	0
YDR210WD	YKL109W	0
YDR210WD	YDL170W	0
YDR210WD	YLR013W	0
YDR210WD	YGR044C	0
YDR210WD	YOR032C	0
YDR210WD	YCR018C	0
YDR210WD	YLR098C	0
YDR210WD	YOR140W	0
YDR210WD	YJL110C	0
YDR210WD	YDR146C	0
YDR210WD	YKR034W	0
YDR210WD	YGL162W	0
YDR210WD	YMR070W	0
YDR210WD	YHL027W	0
YDR210WD	YLR131C	0
YDR210WD	YGL035C	0
YDR210WD	YDR123C	0
YDR210WD	YOR344C	0
YDR210WD	YER045C	0
YDR210WD	YJL166W	0
YDR210WD	YNL253W	0
YDR210WD	YDR275W	0
YDR210WD	YKL141W	0
YDR210WD	YMR086CA	0
YDR210WD	YPL026C	0
YDR210WD	YHR111W	0
YDR210WD	YHR145C	0
YDR210WD	YIR006C	0
YDR210WD	YDR129C	0
YDR210WD	YOL042W	0
YDR210WD	YEL001C	0
YDR210WD	YFL022C	0
YDR210WD	YER177W	0
YDR210WD	YMR136W	0
YDR210WD	YIL099W	0
YDR210WD	YOL157C	0
YDR210WD	YNL254C	0
YDR210WD	YGR073C	0
YDR210WD	YGR019W	0
YDR210WD	YPL251W	0
YDR210WD	YPL078C	0
YDR210WD	YLR463C	0
YDR210WD	YFR017C	0
YEL001C	YCR097W	0
YEL001C	YCR040W	0
YEL001C	YPR199C	0
YEL001C	YJL056C	0
YEL001C	YHR006W	0
YEL001C	YCL066W	0
YEL001C	YKL109W	0
YEL001C	YDL170W	0
YEL001C	YLR013W	0
YEL001C	YGR044C	0
YEL001C	YOR032C	0
YEL001C	YCR018C	0
YEL001C	YLR098C	0
YEL001C	YOR140W	0
YEL001C	YJL110C	0
YEL001C	YDR146C	0
YEL001C	YKR034W	0
YEL001C	YGL162W	0
YEL001C	YMR070W	0
YEL001C	YHL027W	0
YEL001C	YLR131C	0
YEL001C	YGL035C	0
YEL001C	YDR123C	0
YEL001C	YOR344C	0
YEL001C	YER045C	0
YEL001C	YJL166W	0
YEL001C	YNL253W	0
YEL001C	YDR275W	0
YEL001C	YKL141W	0
YEL001C	YMR086CA	0
YEL001C	YPL026C	0
YEL001C	YHR111W	0
YEL001C	YHR145C	0
YEL001C	YIR006C	0
YEL001C	YDR129C	0
YEL001C	YOL042W	0
YEL001C	YDR210WD	0
YEL001C	YFL022C	0
YEL001C	YER177W	0
YEL001C	YMR136W	0
YEL001C	YIL099W	0
YEL001C	YOL157C	0
YEL001C	YNL254C	0
YEL001C	YGR073C	0
YEL001C	YGR019W	0
YEL001C	YPL251W	0
YEL001C	YPL078C	0
YEL001C	YLR463C	0
YEL001C	YFR017C	0
YFL022C	YCR097W	0
YFL022C	YCR040W	0
YFL022C	YPR199C	0
YFL022C	YJL056C	0
YFL022C	YHR006W	0
YFL022C	YCL066W	0
YFL022C	YKL109W	0
YFL022C	YDL170W	0
YFL022C	YLR013W	0
YFL022C	YGR044C	0
YFL022C	YOR032C	0
YFL022C	YCR018C	0
YFL022C	YLR098C	0
YFL022C	YOR140W	0
YFL022C	YJL110C	0
YFL022C	YDR146C	0
YFL022C	YKR034W	0
YFL022C	YGL162W	0
YFL022C	YMR070W	0
YFL022C	YHL027W	0
YFL022C	YLR131C	0
YFL022C	YGL035C	0
YFL022C	YDR123C	0
YFL022C	YOR344C	0
YFL022C	YER045C	0
YFL022C	YJL166W	0
YFL022C	YNL253W	0
YFL022C	YDR275W	0
YFL022C	YKL141W	0
YFL022C	YMR086CA	0
YFL022C	YPL026C	0
YFL022C	YHR111W	0
YFL022C	YHR145C	0
YFL022C	YIR006C	0
YFL022C	YDR129C	0
YFL022C	YOL042W	0
YFL022C	YDR210WD	0
YFL022C	YEL001C	0
YFL022C	YER177W	0
YFL022C	YMR136W	0
YFL022C	YIL099W	0
YFL022C	YOL157C	0
YFL022C	YNL254C	0
YFL022C	YGR073C	0
YFL022C	YGR019W	0
YFL022C	YPL251W	0
YFL022C	YPL078C	0
YFL022C	YLR463C	0
YFL022C	YFR017C	0
YER177W	YCR097W	0
YER177W	YCR040W	0
YER177W	YPR199C	0
YER177W	YJL056C	0
YER177W	YHR006W	0
YER177W	YCL066W	0
YER177W	YKL109W	0
YER177W	YDL170W	0
YER177W	YLR013W	0
YER177W	YGR044C	0
YER177W	YOR032C	0
YER177W	YCR018C	0
YER177W	YLR098C	0
YER177W	YOR140W	0
YER177W	YJL110C	0
YER177W	YDR146C	0
YER177W	YKR034W	0
YER177W	YGL162W	0
YER177W	YMR070W	0
YER177W	YHL027W	0
YER177W	YLR131C	0
YER177W	YGL035C	0
YER177W	YDR123C	0
YER177W	YOR344C	0
YER177W	YER045C	0
YER177W	YJL166W	0
YER177W	YNL253W	0
YER177W	YDR275W	0
YER177W	YKL141W	0
YER177W	YMR086CA	0
YER177W	YPL026C	0
YER177W	YHR111W	0
YER177W	YHR145C	0
YER177W	YIR006C	0
YER177W	YDR129C	0
YER177W	YOL042W	0
YER177W	YDR210WD	0
YER177W	YEL001C	0
YER177W	YFL022C	0
YER177W	YMR136W	0
YER177W	YIL099W	0
YER177W	YOL157C	0
YER177W	YNL254C	0
YER177W	YGR073C	0
YER177W	YGR019W	0
YER177W	YPL251W	0
YER177W	YPL078C	0
YER177W	YLR463C	0
YER177W	YFR017C	0
YMR136W	YCR097W	0
YMR136W	YCR040W	0
YMR136W	YPR199C	0
YMR136W	YJL056C	0
YMR136W	YHR006W	0
YMR136W	YCL066W	0
YMR136W	YKL109W	0
YMR136W	YDL170W	0
YMR136W	YLR013W	0
YMR136W	YGR044C	0
YMR136W	YOR032C	0
YMR136W	YCR018C	0
YMR136W	YLR098C	0
YMR136W	YOR140W	0
YMR136W	YJL110C	0
YMR136W	YDR146C	0
YMR136W	YKR034W	0
YMR136W	YGL162W	0
YMR136W	YMR070W	0
YMR136W	YHL027W	0
YMR136W	YLR131C	0
YMR136W	YGL035C	0
YMR136W	YDR123C	0
YMR136W	YOR344C	0
YMR136W	YER045C	0
YMR136W	YJL166W	0
YMR136W	YNL253W	0
YMR136W	YDR275W	0
YMR136W	YKL141W	0
YMR136W	YMR086CA	0
YMR136W	YPL026C	0
YMR136W	YHR111W	0
YMR136W	YHR145C	0
YMR136W	YIR006C	0
YMR136W	YDR129C	0
YMR136W	YOL042W	0
YMR136W	YDR210WD	0
YMR136W	YEL001C	0
YMR136W	YFL022C	0
YMR136W	YER177W	0
YMR136W	YIL099W	0
YMR136W	YOL157C	0
YMR136W	YNL254C	0
YMR136W	YGR073C	0
YMR136W	YGR019W	0
YMR136W	YPL251W	0
YMR136W	YPL078C	0
YMR136W	YLR463C	0
YMR136W	YFR017C	0
YIL099W	YCR097W	0
YIL099W	YCR040W	0
YIL099W	YPR199C	0
YIL099W	YJL056C	0
YIL099W	YHR006W	0
YIL099W	YCL066W	0
YIL099W	YKL109W	0
YIL099W	YDL170W	0
YIL099W	YLR013W	0
YIL099W	YGR044C	0
YIL099W	YOR032C	0
YIL099W	YCR018C	0
YIL099W	YLR098C	0
YIL099W	YOR140W	0
YIL099W	YJL110C	0
YIL099W	YDR146C	0
YIL099W	YKR034W	0
YIL099W	YGL162W	0
YIL099W	YMR070W	0
YIL099W	YHL027W	0
YIL099W	YLR131C	0
YIL099W	YGL035C	0
YIL099W	YDR123C	0
YIL099W	YOR344C	0
YIL099W	YER045C	0
YIL099W	YJL166W	0
YIL099W	YNL253W	0
YIL099W	YDR275W	0
YIL099W	YKL141W	0
YIL099W	YMR086CA	0
YIL099W	YPL026C	0
YIL099W	YHR111W	0
YIL099W	YHR145C	0
YIL099W	YIR006C	0
YIL099W	YDR129C	0
YIL099W	YOL042W	0
YIL099W	YDR210WD	0
YIL099W	YEL001C	0
YIL099W	YFL022C	0
YIL099W	YER177W	0
YIL099W	YMR136W	0
YIL099W	YOL157C	0
YIL099W	YNL254C	0
YIL099W	YGR073C	0
YIL099W	YGR019W	0
YIL099W	YPL251W	0
YIL099W	YPL078C	0
YIL099W	YLR463C	0
YIL099W	YFR017C	0
YOL157C	YCR097W	0
YOL157C	YCR040W	0
YOL157C	YPR199C	0
YOL157C	YJL056C	0
YOL157C	YHR006W	0
YOL157C	YCL066W	0
YOL157C	YKL109W	0
YOL157C	YDL170W	0
YOL157C	YLR013W	0
YOL157C	YGR044C	0
YOL157C	YOR032C	0
YOL157C	YCR018C	0
YOL157C	YLR098C	0
YOL157C	YOR140W	0
YOL157C	YJL110C	0
YOL157C	YDR146C	0
YOL157C	YKR034W	0
YOL157C	YGL162W	0
YOL157C	YMR070W	0
YOL157C	YHL027W	0
YOL157C	YLR131C	0
YOL157C	YGL035C	0
YOL157C	YDR123C	0
YOL157C	YOR344C	0
YOL157C	YER045C	0
YOL157C	YJL166W	0
YOL157C	YNL253W	0
YOL157C	YDR275W	0
YOL157C	YKL141W	0
YOL157C	YMR086CA	0
YOL157C	YPL026C	0
YOL157C	YHR111W	0
YOL157C	YHR145C	0
YOL157C	YIR006C	0
YOL157C	YDR129C	0
YOL157C	YOL042W	0
YOL157C	YDR210WD	0
YOL157C	YEL001C	0
YOL157C	YFL022C	0
YOL157C	YER177W	0
YOL157C	YMR136W	0
YOL157C	YIL099W	0
YOL157C	YNL254C	0
YOL157C	YGR073C	0
YOL157C	YGR019W	0
YOL157C	YPL251W	0
YOL157C	YPL078C	0
YOL157C	YLR463C	0
YOL157C	YFR017C	0
YNL254C	YCR097W	0
YNL254C	YCR040W	0
YNL254C	YPR199C	0
YNL254C	YJL056C	0
YNL254C	YHR006W	0
YNL254C	YCL066W	0
YNL254C	YKL109W	0
YNL254C	YDL170W	0
YNL254C	YLR013W	0
YNL254C	YGR044C	0
YNL254C	YOR032C	0
YNL254C	YCR018C	0
YNL254C	YLR098C	0
YNL254C	YOR140W	0
YNL254C	YJL110C	0
YNL254C	YDR146C	0
YNL254C	YKR034W	0
YNL254C	YGL162W	0
YNL254C	YMR070W	0
YNL254C	YHL027W	0
YNL254C	YLR131C	0
YNL254C	YGL035C	0
YNL254C	YDR123C	0
YNL254C	YOR344C	0
YNL254C	YER045C	0
YNL254C	YJL166W	0
YNL254C	YNL253W	0
YNL254C	YDR275W	0
YNL254C	YKL141W	0
YNL254C	YMR086CA	0
YNL254C	YPL026C	0
YNL254C	YHR111W	0
YNL254C	YHR145C	0
YNL254C	YIR006C	0
YNL254C	YDR129C	0
YNL254C	YOL042W	0
YNL254C	YDR210WD	0
YNL254C	YEL001C	0
YNL254C	YFL022C	0
YNL254C	YER177W	0
YNL254C	YMR136W	0
YNL254C	YIL099W	0
YNL254C	YOL157C	0
YNL254C	YGR073C	0
YNL254C	YGR019W	0
YNL254C	YPL251W	0
YNL254C	YPL078C	0
YNL254C	YLR463C	0
YNL254C	YFR017C	0
YGR073C	YCR097W	0
YGR073C	YCR040W	0
YGR073C	YPR199C	0
YGR073C	YJL056C	0
YGR073C	YHR006W	0
YGR073C	YCL066W	0
YGR073C	YKL109W	0
YGR073C	YDL170W	0
YGR073C	YLR013W	0
YGR073C	YGR044C	0
YGR073C	YOR032C	0
YGR073C	YCR018C	0
YGR073C	YLR098C	0
YGR073C	YOR140W	0
YGR073C	YJL110C	0
YGR073C	YDR146C	0
YGR073C	YKR034W	0
YGR073C	YGL162W	0
YGR073C	YMR070W	0
YGR073C	YHL027W	0
YGR073C	YLR131C	0
YGR073C	YGL035C	0
YGR073C	YDR123C	0
YGR073C	YOR344C	0
YGR073C	YER045C	0
YGR073C	YJL166W	0
YGR073C	YNL253W	0
YGR073C	YDR275W	0
YGR073C	YKL141W	0
YGR073C	YMR086CA	0
YGR073C	YPL026C	0
YGR073C	YHR111W	0
YGR073C	YHR145C	0
YGR073C	YIR006C	0
YGR073C	YDR129C	0
YGR073C	YOL042W	0
YGR073C	YDR210WD	0
YGR073C	YEL001C	0
YGR073C	YFL022C	0
YGR073C	YER177W	0
YGR073C	YMR136W	0
YGR073C	YIL099W	0
YGR073C	YOL157C	0
YGR073C	YNL254C	0
YGR073C	YGR019W	0
YGR073C	YPL251W	0
YGR073C	YPL078C	0
YGR073C	YLR463C	0
YGR073C	YFR017C	0
YGR019W	YCR097W	0
YGR019W	YCR040W	0
YGR019W	YPR199C	0
YGR019W	YJL056C	0
YGR019W	YHR006W	0
YGR019W	YCL066W	0
YGR019W	YKL109W	0
YGR019W	YDL170W	0
YGR019W	YLR013W	0
YGR019W	YGR044C	0
YGR019W	YOR032C	0
YGR019W	YCR018C	0
YGR019W	YLR098C	0
YGR019W	YOR140W	0
YGR019W	YJL110C	0
YGR019W	YDR146C	0
YGR019W	YKR034W	0
YGR019W	YGL162W	0
YGR019W	YMR070W	0
YGR019W	YHL027W	0
YGR019W	YLR131C	0
YGR019W	YGL035C	0
YGR019W	YDR123C	0
YGR019W	YOR344C	0
YGR019W	YER045C	0
YGR019W	YJL166W	0
YGR019W	YNL253W	0
YGR019W	YDR275W	0
YGR019W	YKL141W	0
YGR019W	YMR086CA	0
YGR019W	YPL026C	0
YGR019W	YHR111W	0
YGR019W	YHR145C	0
YGR019W	YIR006C	0
YGR019W	YDR129C	0
YGR019W	YOL042W	0
YGR019W	YDR210WD	0
YGR019W	YEL001C	0
YGR019W	YFL022C	0
YGR019W	YER177W	0
YGR019W	YMR136W	0
YGR019W	YIL099W	0
YGR019W	YOL157C	0
YGR019W	YNL254C	0
YGR019W	YGR073C	0
YGR019W	YPL251W	0
YGR019W	YPL078C	0
YGR019W	YLR463C	0
YGR019W	YFR017C	0
YPL251W	YCR097W	0
YPL251W	YCR040W	0
YPL251W	YPR199C	0
YPL251W	YJL056C	0
YPL251W	YHR006W	0
YPL251W	YCL066W	0
YPL251W	YKL109W	0
YPL251W	YDL170W	0
YPL251W	YLR013W	0
YPL251W	YGR044C	0
YPL251W	YOR032C	0
YPL251W	YCR018C	0
YPL251W	YLR098C	0
YPL251W	YOR140W	0
YPL251W	YJL110C	0
YPL251W	YDR146C	0
YPL251W	YKR034W	0
YPL251W	YGL162W	0
YPL251W	YMR070W	0
YPL251W	YHL027W	0
YPL251W	YLR131C	0
YPL251W	YGL035C	0
YPL251W	YDR123C	0
YPL251W	YOR344C	0
YPL251W	YER045C	0
YPL251W	YJL166W	0
YPL251W	YNL253W	0
YPL251W	YDR275W	0
YPL251W	YKL141W	0
YPL251W	YMR086CA	0
YPL251W	YPL026C	0
YPL251W	YHR111W	0
YPL251W	YHR145C	0
YPL251W	YIR006C	0
YPL251W	YDR129C	0
YPL251W	YOL042W	0
YPL251W	YDR210WD	0
YPL251W	YEL001C	0
YPL251W	YFL022C	0
YPL251W	YER177W	0
YPL251W	YMR136W	0
YPL251W	YIL099W	0
YPL251W	YOL157C	0
YPL251W	YNL254C	0
YPL251W	YGR073C	0
YPL251W	YGR019W	0
YPL251W	YPL078C	0
YPL251W	YLR463C	0
YPL251W	YFR017C	0
YPL078C	YCR097W	0
YPL078C	YCR040W	0
YPL078C	YPR199C	0
YPL078C	YJL056C	0
YPL078C	YHR006W	0
YPL078C	YCL066W	0
YPL078C	YKL109W	0
YPL078C	YDL170W	0
YPL078C	YLR013W	0
YPL078C	YGR044C	0
YPL078C	YOR032C	0
YPL078C	YCR018C	0
YPL078C	YLR098C	0
YPL078C	YOR140W	0
YPL078C	YJL110C	0
YPL078C	YDR146C	0
YPL078C	YKR034W	0
YPL078C	YGL162W	0
YPL078C	YMR070W	0
YPL078C	YHL027W	0
YPL078C	YLR131C	0
YPL078C	YGL035C	0
YPL078C	YDR123C	0
YPL078C	YOR344C	0
YPL078C	YER045C	0
YPL078C	YJL166W	0
YPL078C	YNL253W	0
YPL078C	YDR275W	0
YPL078C	YKL141W	0
YPL078C	YMR086CA	0
YPL078C	YPL026C	0
YPL078C	YHR111W	0
YPL078C	YHR145C	0
YPL078C	YIR006C	0
YPL078C	YDR129C	0
YPL078C	YOL042W	0
YPL078C	YDR210WD	0
YPL078C	YEL001C	0
YPL078C	YFL022C	0
YPL078C	YER177W	0
YPL078C	YMR136W	0
YPL078C	YIL099W	0
YPL078C	YOL157C	0
YPL078C	YNL254C	0
YPL078C	YGR073C	0
YPL078C	YGR019W	0
YPL078C	YPL251W	0
YPL078C	YLR463C	0
YPL078C	YFR017C	0
YLR463C	YCR097W	0
YLR463C	YCR040W	0
YLR463C	YPR199C	0
YLR463C	YJL056C	0
YLR463C	YHR006W	0
YLR463C	YCL066W	0
YLR463C	YKL109W	0
YLR463C	YDL170W	0
YLR463C	YLR013W	0
YLR463C	YGR044C	0
YLR463C	YOR032C	0
YLR463C	YCR018C	0
YLR463C	YLR098C	0
YLR463C	YOR140W	0
YLR463C	YJL110C	0
YLR463C	YDR146C	0
YLR463C	YKR034W	0
YLR463C	YGL162W	0
YLR463C	YMR070W	0
YLR463C	YHL027W	0
YLR463C	YLR131C	0
YLR463C	YGL035C	0
YLR463C	YDR123C	0
YLR463C	YOR344C	0
YLR463C	YER045C	0
YLR463C	YJL166W	0
YLR463C	YNL253W	0
YLR463C	YDR275W	0
YLR463C	YKL141W	0
YLR463C	YMR086CA	0
YLR463C	YPL026C	0
YLR463C	YHR111W	0
YLR463C	YHR145C	0
YLR463C	YIR006C	0
YLR463C	YDR129C	0
YLR463C	YOL042W	0
YLR463C	YDR210WD	0
YLR463C	YEL001C	0
YLR463C	YFL022C	0
YLR463C	YER177W	0
YLR463C	YMR136W	0
YLR463C	YIL099W	0
YLR463C	YOL157C	0
YLR463C	YNL254C	0
YLR463C	YGR073C	0
YLR463C	YGR019W	0
YLR463C	YPL251W	0
YLR463C	YPL078C	0
YLR463C	YFR017C	0
YFR017C	YCR097W	0
YFR017C	YCR040W	0
YFR017C	YPR199C	0
YFR017C	YJL056C	0
YFR017C	YHR006W	0
YFR017C	YCL066W	0
YFR017C	YKL109W	0
YFR017C	YDL170W	0
YFR017C	YLR013W	0
YFR017C	YGR044C	0
YFR017C	YOR032C	0
YFR017C	YCR018C	0
YFR017C	YLR098C	0
YFR017C	YOR140W	0
YFR017C	YJL110C	0
YFR017C	YDR146C	0
YFR017C	YKR034W	0
YFR017C	YGL162W	0
YFR017C	YMR070W	0
YFR017C	YHL027W	0
YFR017C	YLR131C	0
YFR017C	YGL035C	0
YFR017C	YDR123C	0
YFR017C	YOR344C	0
YFR017C	YER045C	0
YFR017C	YJL166W	0
YFR017C	YNL253W	0
YFR017C	YDR275W	0
YFR017C	YKL141W	0
YFR017C	YMR086CA	0
YFR017C	YPL026C	0
YFR017C	YHR111W	0
YFR017C	YHR145C	0
YFR017C	YIR006C	0
YFR017C	YDR129C	0
YFR017C	YOL042W	0
YFR017C	YDR210WD	0
YFR017C	YEL001C	0
YFR017C	YFL022C	0
YFR017C	YER177W	0
YFR017C	YMR136W	0
YFR017C	YIL099W	0
YFR017C	YOL157C	0
YFR017C	YNL254C	0
YFR017C	YGR073C	0
YFR017C	YGR019W	0
YFR017C	YPL251W	0
YFR017C	YPL078C	0
YFR017C	YLR463C	0
