YKL020C	YCR096C	1
YKL020C	YDR210WD	1
YCR096C	YCR040W	1
YCR096C	YCR039C	1
YCR096C	YKL209C	1
YCR096C	YKL178C	1
YCR040W	YNL105W	1
YCR040W	YKL178C	1
YCR040W	YPL187W	1
YCR040W	YCR083W	1
YCR040W	YGL089C	1
YPR199C	YCR096C	1
YPR199C	YCR040W	1
YPR199C	YCR041W	1
YPR199C	YCR107W	1
YPR199C	YBR040W	1
YPR199C	YCR039C	1
YPR199C	YMR135WA	1
YPR199C	YLR397C	1
YPR199C	YLR082C	1
YPR199C	YMR086CA	1
YPR199C	YJR044C	1
YPR199C	YMR087W	1
YPR199C	YDR210WD	1
YPR199C	YML048WA	1
YHR006W	YCR040W	1
YHR006W	YCR041W	1
YHR006W	YDR103W	1
YHR006W	YBR040W	1
YHR006W	YCR039C	1
YHR006W	YLR374C	1
YHR006W	YFL002WA	1
YJL056C	YCR040W	1
YJL056C	YCL066W	1
YJL056C	YCL067C	1
YJL056C	YCR041W	1
YJL056C	YNL339C	1
YJL056C	YCR039C	1
YJL056C	YCL065W	1
YJL056C	YML065W	1
YJL056C	YJL055W	1
YJL056C	YNL337W	1
YCL066W	YKL178C	1
YCL066W	YPL187W	1
YCL066W	YGL089C	1
YLR013W	YCR040W	1
YLR013W	YCL066W	1
YLR013W	YCL067C	1
YLR013W	YCR041W	1
YLR013W	YNL339C	1
YLR013W	YCR039C	1
YLR013W	YCL065W	1
YLR013W	YJR161C	1
YLR013W	YGR296W	1
YLR013W	YBL109W	1
YLR013W	YBL112C	1
YLR013W	YNL337W	1
YLR013W	YHR091C	1
YCL067C	YCL066W	1
YCL067C	YDR103W	1
YCL067C	YDR007W	1
YCL067C	YKL209C	1
YCL067C	YPL187W	1
YCL067C	YGL089C	1
YPL248C	YCL066W	1
YPL248C	YCL067C	1
YPL248C	YDR008C	1
YPL248C	YCR107W	1
YPL248C	YNL339C	1
YPL248C	YDR007W	1
YPL248C	YCL065W	1
YPL248C	YLR080W	1
YPL248C	YMR135WA	1
YPL248C	YLR397C	1
YPL248C	YLR082C	1
YPL248C	YGR296W	1
YPL248C	YBL109W	1
YPL248C	YBL112C	1
YPL248C	YMR086CA	1
YPL248C	YGR103W	1
YPL248C	YJR044C	1
YPL248C	YEL057C	1
YPL248C	MEL1	1
YPL248C	YMR087W	1
YPL248C	YNL337W	1
YPL248C	YDR006C	1
YPL248C	YGR173W	1
YPL248C	YHR091C	1
YPL248C	YAL049C	1
YKL020C	YCR040W	0
YKL020C	YPR199C	0
YKL020C	YHR006W	0
YKL020C	YJL056C	0
YKL020C	YCL066W	0
YKL020C	YLR013W	0
YKL020C	YCL067C	0
YKL020C	YPL248C	0
YKL020C	YCR041W	0
YKL020C	YDR008C	0
YKL020C	YCR107W	0
YKL020C	YNL339C	0
YKL020C	YDR103W	0
YKL020C	YBR040W	0
YKL020C	YDR007W	0
YKL020C	YNL105W	0
YKL020C	YCR039C	0
YKL020C	YCL065W	0
YKL020C	YKL209C	0
YKL020C	YLR080W	0
YKL020C	YML065W	0
YKL020C	YMR135WA	0
YKL020C	YLR397C	0
YKL020C	YJR161C	0
YKL020C	YKL178C	0
YKL020C	YLR374C	0
YKL020C	YPL187W	0
YKL020C	YLR082C	0
YKL020C	YGR296W	0
YKL020C	YBL109W	0
YKL020C	YBL112C	0
YKL020C	YMR086CA	0
YKL020C	YGR103W	0
YKL020C	YJR044C	0
YKL020C	YEL057C	0
YKL020C	MEL1	0
YKL020C	YCR083W	0
YKL020C	YMR087W	0
YKL020C	YJL055W	0
YKL020C	YNL337W	0
YKL020C	YDR006C	0
YKL020C	YML048WA	0
YKL020C	YGR173W	0
YKL020C	YFL002WA	0
YKL020C	YHR091C	0
YKL020C	YGL089C	0
YKL020C	YAL049C	0
YCR096C	YKL020C	0
YCR096C	YPR199C	0
YCR096C	YHR006W	0
YCR096C	YJL056C	0
YCR096C	YCL066W	0
YCR096C	YLR013W	0
YCR096C	YCL067C	0
YCR096C	YPL248C	0
YCR096C	YCR041W	0
YCR096C	YDR008C	0
YCR096C	YCR107W	0
YCR096C	YNL339C	0
YCR096C	YDR103W	0
YCR096C	YBR040W	0
YCR096C	YDR007W	0
YCR096C	YNL105W	0
YCR096C	YCL065W	0
YCR096C	YLR080W	0
YCR096C	YML065W	0
YCR096C	YMR135WA	0
YCR096C	YLR397C	0
YCR096C	YJR161C	0
YCR096C	YLR374C	0
YCR096C	YPL187W	0
YCR096C	YLR082C	0
YCR096C	YGR296W	0
YCR096C	YBL109W	0
YCR096C	YBL112C	0
YCR096C	YMR086CA	0
YCR096C	YGR103W	0
YCR096C	YJR044C	0
YCR096C	YEL057C	0
YCR096C	MEL1	0
YCR096C	YCR083W	0
YCR096C	YMR087W	0
YCR096C	YDR210WD	0
YCR096C	YJL055W	0
YCR096C	YNL337W	0
YCR096C	YDR006C	0
YCR096C	YML048WA	0
YCR096C	YGR173W	0
YCR096C	YFL002WA	0
YCR096C	YHR091C	0
YCR096C	YGL089C	0
YCR096C	YAL049C	0
YCR040W	YKL020C	0
YCR040W	YCR096C	0
YCR040W	YPR199C	0
YCR040W	YHR006W	0
YCR040W	YJL056C	0
YCR040W	YCL066W	0
YCR040W	YLR013W	0
YCR040W	YCL067C	0
YCR040W	YPL248C	0
YCR040W	YCR041W	0
YCR040W	YDR008C	0
YCR040W	YCR107W	0
YCR040W	YNL339C	0
YCR040W	YDR103W	0
YCR040W	YBR040W	0
YCR040W	YDR007W	0
YCR040W	YCR039C	0
YCR040W	YCL065W	0
YCR040W	YKL209C	0
YCR040W	YLR080W	0
YCR040W	YML065W	0
YCR040W	YMR135WA	0
YCR040W	YLR397C	0
YCR040W	YJR161C	0
YCR040W	YLR374C	0
YCR040W	YLR082C	0
YCR040W	YGR296W	0
YCR040W	YBL109W	0
YCR040W	YBL112C	0
YCR040W	YMR086CA	0
YCR040W	YGR103W	0
YCR040W	YJR044C	0
YCR040W	YEL057C	0
YCR040W	MEL1	0
YCR040W	YMR087W	0
YCR040W	YDR210WD	0
YCR040W	YJL055W	0
YCR040W	YNL337W	0
YCR040W	YDR006C	0
YCR040W	YML048WA	0
YCR040W	YGR173W	0
YCR040W	YFL002WA	0
YCR040W	YHR091C	0
YCR040W	YAL049C	0
YPR199C	YKL020C	0
YPR199C	YHR006W	0
YPR199C	YJL056C	0
YPR199C	YCL066W	0
YPR199C	YLR013W	0
YPR199C	YCL067C	0
YPR199C	YPL248C	0
YPR199C	YDR008C	0
YPR199C	YNL339C	0
YPR199C	YDR103W	0
YPR199C	YDR007W	0
YPR199C	YNL105W	0
YPR199C	YCL065W	0
YPR199C	YKL209C	0
YPR199C	YLR080W	0
YPR199C	YML065W	0
YPR199C	YJR161C	0
YPR199C	YKL178C	0
YPR199C	YLR374C	0
YPR199C	YPL187W	0
YPR199C	YGR296W	0
YPR199C	YBL109W	0
YPR199C	YBL112C	0
YPR199C	YGR103W	0
YPR199C	YEL057C	0
YPR199C	MEL1	0
YPR199C	YCR083W	0
YPR199C	YJL055W	0
YPR199C	YNL337W	0
YPR199C	YDR006C	0
YPR199C	YGR173W	0
YPR199C	YFL002WA	0
YPR199C	YHR091C	0
YPR199C	YGL089C	0
YPR199C	YAL049C	0
YHR006W	YKL020C	0
YHR006W	YCR096C	0
YHR006W	YPR199C	0
YHR006W	YJL056C	0
YHR006W	YCL066W	0
YHR006W	YLR013W	0
YHR006W	YCL067C	0
YHR006W	YPL248C	0
YHR006W	YDR008C	0
YHR006W	YCR107W	0
YHR006W	YNL339C	0
YHR006W	YDR007W	0
YHR006W	YNL105W	0
YHR006W	YCL065W	0
YHR006W	YKL209C	0
YHR006W	YLR080W	0
YHR006W	YML065W	0
YHR006W	YMR135WA	0
YHR006W	YLR397C	0
YHR006W	YJR161C	0
YHR006W	YKL178C	0
YHR006W	YPL187W	0
YHR006W	YLR082C	0
YHR006W	YGR296W	0
YHR006W	YBL109W	0
YHR006W	YBL112C	0
YHR006W	YMR086CA	0
YHR006W	YGR103W	0
YHR006W	YJR044C	0
YHR006W	YEL057C	0
YHR006W	MEL1	0
YHR006W	YCR083W	0
YHR006W	YMR087W	0
YHR006W	YDR210WD	0
YHR006W	YJL055W	0
YHR006W	YNL337W	0
YHR006W	YDR006C	0
YHR006W	YML048WA	0
YHR006W	YGR173W	0
YHR006W	YHR091C	0
YHR006W	YGL089C	0
YHR006W	YAL049C	0
YJL056C	YKL020C	0
YJL056C	YCR096C	0
YJL056C	YPR199C	0
YJL056C	YHR006W	0
YJL056C	YLR013W	0
YJL056C	YPL248C	0
YJL056C	YDR008C	0
YJL056C	YCR107W	0
YJL056C	YDR103W	0
YJL056C	YBR040W	0
YJL056C	YDR007W	0
YJL056C	YNL105W	0
YJL056C	YKL209C	0
YJL056C	YLR080W	0
YJL056C	YMR135WA	0
YJL056C	YLR397C	0
YJL056C	YJR161C	0
YJL056C	YKL178C	0
YJL056C	YLR374C	0
YJL056C	YPL187W	0
YJL056C	YLR082C	0
YJL056C	YGR296W	0
YJL056C	YBL109W	0
YJL056C	YBL112C	0
YJL056C	YMR086CA	0
YJL056C	YGR103W	0
YJL056C	YJR044C	0
YJL056C	YEL057C	0
YJL056C	MEL1	0
YJL056C	YCR083W	0
YJL056C	YMR087W	0
YJL056C	YDR210WD	0
YJL056C	YDR006C	0
YJL056C	YML048WA	0
YJL056C	YGR173W	0
YJL056C	YFL002WA	0
YJL056C	YHR091C	0
YJL056C	YGL089C	0
YJL056C	YAL049C	0
YCL066W	YKL020C	0
YCL066W	YCR096C	0
YCL066W	YCR040W	0
YCL066W	YPR199C	0
YCL066W	YHR006W	0
YCL066W	YJL056C	0
YCL066W	YLR013W	0
YCL066W	YCL067C	0
YCL066W	YPL248C	0
YCL066W	YCR041W	0
YCL066W	YDR008C	0
YCL066W	YCR107W	0
YCL066W	YNL339C	0
YCL066W	YDR103W	0
YCL066W	YBR040W	0
YCL066W	YDR007W	0
YCL066W	YNL105W	0
YCL066W	YCR039C	0
YCL066W	YCL065W	0
YCL066W	YKL209C	0
YCL066W	YLR080W	0
YCL066W	YML065W	0
YCL066W	YMR135WA	0
YCL066W	YLR397C	0
YCL066W	YJR161C	0
YCL066W	YLR374C	0
YCL066W	YLR082C	0
YCL066W	YGR296W	0
YCL066W	YBL109W	0
YCL066W	YBL112C	0
YCL066W	YMR086CA	0
YCL066W	YGR103W	0
YCL066W	YJR044C	0
YCL066W	YEL057C	0
YCL066W	MEL1	0
YCL066W	YCR083W	0
YCL066W	YMR087W	0
YCL066W	YDR210WD	0
YCL066W	YJL055W	0
YCL066W	YNL337W	0
YCL066W	YDR006C	0
YCL066W	YML048WA	0
YCL066W	YGR173W	0
YCL066W	YFL002WA	0
YCL066W	YHR091C	0
YCL066W	YAL049C	0
YLR013W	YKL020C	0
YLR013W	YCR096C	0
YLR013W	YPR199C	0
YLR013W	YHR006W	0
YLR013W	YJL056C	0
YLR013W	YPL248C	0
YLR013W	YDR008C	0
YLR013W	YCR107W	0
YLR013W	YDR103W	0
YLR013W	YBR040W	0
YLR013W	YDR007W	0
YLR013W	YNL105W	0
YLR013W	YKL209C	0
YLR013W	YLR080W	0
YLR013W	YML065W	0
YLR013W	YMR135WA	0
YLR013W	YLR397C	0
YLR013W	YKL178C	0
YLR013W	YLR374C	0
YLR013W	YPL187W	0
YLR013W	YLR082C	0
YLR013W	YMR086CA	0
YLR013W	YGR103W	0
YLR013W	YJR044C	0
YLR013W	YEL057C	0
YLR013W	MEL1	0
YLR013W	YCR083W	0
YLR013W	YMR087W	0
YLR013W	YDR210WD	0
YLR013W	YJL055W	0
YLR013W	YDR006C	0
YLR013W	YML048WA	0
YLR013W	YGR173W	0
YLR013W	YFL002WA	0
YLR013W	YGL089C	0
YLR013W	YAL049C	0
YCL067C	YKL020C	0
YCL067C	YCR096C	0
YCL067C	YCR040W	0
YCL067C	YPR199C	0
YCL067C	YHR006W	0
YCL067C	YJL056C	0
YCL067C	YLR013W	0
YCL067C	YPL248C	0
YCL067C	YCR041W	0
YCL067C	YDR008C	0
YCL067C	YCR107W	0
YCL067C	YNL339C	0
YCL067C	YBR040W	0
YCL067C	YNL105W	0
YCL067C	YCR039C	0
YCL067C	YCL065W	0
YCL067C	YLR080W	0
YCL067C	YML065W	0
YCL067C	YMR135WA	0
YCL067C	YLR397C	0
YCL067C	YJR161C	0
YCL067C	YKL178C	0
YCL067C	YLR374C	0
YCL067C	YLR082C	0
YCL067C	YGR296W	0
YCL067C	YBL109W	0
YCL067C	YBL112C	0
YCL067C	YMR086CA	0
YCL067C	YGR103W	0
YCL067C	YJR044C	0
YCL067C	YEL057C	0
YCL067C	MEL1	0
YCL067C	YCR083W	0
YCL067C	YMR087W	0
YCL067C	YDR210WD	0
YCL067C	YJL055W	0
YCL067C	YNL337W	0
YCL067C	YDR006C	0
YCL067C	YML048WA	0
YCL067C	YGR173W	0
YCL067C	YFL002WA	0
YCL067C	YHR091C	0
YCL067C	YAL049C	0
YPL248C	YKL020C	0
YPL248C	YCR096C	0
YPL248C	YCR040W	0
YPL248C	YPR199C	0
YPL248C	YHR006W	0
YPL248C	YJL056C	0
YPL248C	YLR013W	0
YPL248C	YCR041W	0
YPL248C	YDR103W	0
YPL248C	YBR040W	0
YPL248C	YNL105W	0
YPL248C	YCR039C	0
YPL248C	YKL209C	0
YPL248C	YML065W	0
YPL248C	YJR161C	0
YPL248C	YKL178C	0
YPL248C	YLR374C	0
YPL248C	YPL187W	0
YPL248C	YCR083W	0
YPL248C	YDR210WD	0
YPL248C	YJL055W	0
YPL248C	YML048WA	0
YPL248C	YFL002WA	0
YPL248C	YGL089C	0
YCR041W	YKL020C	0
YCR041W	YCR096C	0
YCR041W	YCR040W	0
YCR041W	YPR199C	0
YCR041W	YHR006W	0
YCR041W	YJL056C	0
YCR041W	YCL066W	0
YCR041W	YLR013W	0
YCR041W	YCL067C	0
YCR041W	YPL248C	0
YCR041W	YDR008C	0
YCR041W	YCR107W	0
YCR041W	YNL339C	0
YCR041W	YDR103W	0
YCR041W	YBR040W	0
YCR041W	YDR007W	0
YCR041W	YNL105W	0
YCR041W	YCR039C	0
YCR041W	YCL065W	0
YCR041W	YKL209C	0
YCR041W	YLR080W	0
YCR041W	YML065W	0
YCR041W	YMR135WA	0
YCR041W	YLR397C	0
YCR041W	YJR161C	0
YCR041W	YKL178C	0
YCR041W	YLR374C	0
YCR041W	YPL187W	0
YCR041W	YLR082C	0
YCR041W	YGR296W	0
YCR041W	YBL109W	0
YCR041W	YBL112C	0
YCR041W	YMR086CA	0
YCR041W	YGR103W	0
YCR041W	YJR044C	0
YCR041W	YEL057C	0
YCR041W	MEL1	0
YCR041W	YCR083W	0
YCR041W	YMR087W	0
YCR041W	YDR210WD	0
YCR041W	YJL055W	0
YCR041W	YNL337W	0
YCR041W	YDR006C	0
YCR041W	YML048WA	0
YCR041W	YGR173W	0
YCR041W	YFL002WA	0
YCR041W	YHR091C	0
YCR041W	YGL089C	0
YCR041W	YAL049C	0
YDR008C	YKL020C	0
YDR008C	YCR096C	0
YDR008C	YCR040W	0
YDR008C	YPR199C	0
YDR008C	YHR006W	0
YDR008C	YJL056C	0
YDR008C	YCL066W	0
YDR008C	YLR013W	0
YDR008C	YCL067C	0
YDR008C	YPL248C	0
YDR008C	YCR041W	0
YDR008C	YCR107W	0
YDR008C	YNL339C	0
YDR008C	YDR103W	0
YDR008C	YBR040W	0
YDR008C	YDR007W	0
YDR008C	YNL105W	0
YDR008C	YCR039C	0
YDR008C	YCL065W	0
YDR008C	YKL209C	0
YDR008C	YLR080W	0
YDR008C	YML065W	0
YDR008C	YMR135WA	0
YDR008C	YLR397C	0
YDR008C	YJR161C	0
YDR008C	YKL178C	0
YDR008C	YLR374C	0
YDR008C	YPL187W	0
YDR008C	YLR082C	0
YDR008C	YGR296W	0
YDR008C	YBL109W	0
YDR008C	YBL112C	0
YDR008C	YMR086CA	0
YDR008C	YGR103W	0
YDR008C	YJR044C	0
YDR008C	YEL057C	0
YDR008C	MEL1	0
YDR008C	YCR083W	0
YDR008C	YMR087W	0
YDR008C	YDR210WD	0
YDR008C	YJL055W	0
YDR008C	YNL337W	0
YDR008C	YDR006C	0
YDR008C	YML048WA	0
YDR008C	YGR173W	0
YDR008C	YFL002WA	0
YDR008C	YHR091C	0
YDR008C	YGL089C	0
YDR008C	YAL049C	0
YCR107W	YKL020C	0
YCR107W	YCR096C	0
YCR107W	YCR040W	0
YCR107W	YPR199C	0
YCR107W	YHR006W	0
YCR107W	YJL056C	0
YCR107W	YCL066W	0
YCR107W	YLR013W	0
YCR107W	YCL067C	0
YCR107W	YPL248C	0
YCR107W	YCR041W	0
YCR107W	YDR008C	0
YCR107W	YNL339C	0
YCR107W	YDR103W	0
YCR107W	YBR040W	0
YCR107W	YDR007W	0
YCR107W	YNL105W	0
YCR107W	YCR039C	0
YCR107W	YCL065W	0
YCR107W	YKL209C	0
YCR107W	YLR080W	0
YCR107W	YML065W	0
YCR107W	YMR135WA	0
YCR107W	YLR397C	0
YCR107W	YJR161C	0
YCR107W	YKL178C	0
YCR107W	YLR374C	0
YCR107W	YPL187W	0
YCR107W	YLR082C	0
YCR107W	YGR296W	0
YCR107W	YBL109W	0
YCR107W	YBL112C	0
YCR107W	YMR086CA	0
YCR107W	YGR103W	0
YCR107W	YJR044C	0
YCR107W	YEL057C	0
YCR107W	MEL1	0
YCR107W	YCR083W	0
YCR107W	YMR087W	0
YCR107W	YDR210WD	0
YCR107W	YJL055W	0
YCR107W	YNL337W	0
YCR107W	YDR006C	0
YCR107W	YML048WA	0
YCR107W	YGR173W	0
YCR107W	YFL002WA	0
YCR107W	YHR091C	0
YCR107W	YGL089C	0
YCR107W	YAL049C	0
YNL339C	YKL020C	0
YNL339C	YCR096C	0
YNL339C	YCR040W	0
YNL339C	YPR199C	0
YNL339C	YHR006W	0
YNL339C	YJL056C	0
YNL339C	YCL066W	0
YNL339C	YLR013W	0
YNL339C	YCL067C	0
YNL339C	YPL248C	0
YNL339C	YCR041W	0
YNL339C	YDR008C	0
YNL339C	YCR107W	0
YNL339C	YDR103W	0
YNL339C	YBR040W	0
YNL339C	YDR007W	0
YNL339C	YNL105W	0
YNL339C	YCR039C	0
YNL339C	YCL065W	0
YNL339C	YKL209C	0
YNL339C	YLR080W	0
YNL339C	YML065W	0
YNL339C	YMR135WA	0
YNL339C	YLR397C	0
YNL339C	YJR161C	0
YNL339C	YKL178C	0
YNL339C	YLR374C	0
YNL339C	YPL187W	0
YNL339C	YLR082C	0
YNL339C	YGR296W	0
YNL339C	YBL109W	0
YNL339C	YBL112C	0
YNL339C	YMR086CA	0
YNL339C	YGR103W	0
YNL339C	YJR044C	0
YNL339C	YEL057C	0
YNL339C	MEL1	0
YNL339C	YCR083W	0
YNL339C	YMR087W	0
YNL339C	YDR210WD	0
YNL339C	YJL055W	0
YNL339C	YNL337W	0
YNL339C	YDR006C	0
YNL339C	YML048WA	0
YNL339C	YGR173W	0
YNL339C	YFL002WA	0
YNL339C	YHR091C	0
YNL339C	YGL089C	0
YNL339C	YAL049C	0
YDR103W	YKL020C	0
YDR103W	YCR096C	0
YDR103W	YCR040W	0
YDR103W	YPR199C	0
YDR103W	YHR006W	0
YDR103W	YJL056C	0
YDR103W	YCL066W	0
YDR103W	YLR013W	0
YDR103W	YCL067C	0
YDR103W	YPL248C	0
YDR103W	YCR041W	0
YDR103W	YDR008C	0
YDR103W	YCR107W	0
YDR103W	YNL339C	0
YDR103W	YBR040W	0
YDR103W	YDR007W	0
YDR103W	YNL105W	0
YDR103W	YCR039C	0
YDR103W	YCL065W	0
YDR103W	YKL209C	0
YDR103W	YLR080W	0
YDR103W	YML065W	0
YDR103W	YMR135WA	0
YDR103W	YLR397C	0
YDR103W	YJR161C	0
YDR103W	YKL178C	0
YDR103W	YLR374C	0
YDR103W	YPL187W	0
YDR103W	YLR082C	0
YDR103W	YGR296W	0
YDR103W	YBL109W	0
YDR103W	YBL112C	0
YDR103W	YMR086CA	0
YDR103W	YGR103W	0
YDR103W	YJR044C	0
YDR103W	YEL057C	0
YDR103W	MEL1	0
YDR103W	YCR083W	0
YDR103W	YMR087W	0
YDR103W	YDR210WD	0
YDR103W	YJL055W	0
YDR103W	YNL337W	0
YDR103W	YDR006C	0
YDR103W	YML048WA	0
YDR103W	YGR173W	0
YDR103W	YFL002WA	0
YDR103W	YHR091C	0
YDR103W	YGL089C	0
YDR103W	YAL049C	0
YBR040W	YKL020C	0
YBR040W	YCR096C	0
YBR040W	YCR040W	0
YBR040W	YPR199C	0
YBR040W	YHR006W	0
YBR040W	YJL056C	0
YBR040W	YCL066W	0
YBR040W	YLR013W	0
YBR040W	YCL067C	0
YBR040W	YPL248C	0
YBR040W	YCR041W	0
YBR040W	YDR008C	0
YBR040W	YCR107W	0
YBR040W	YNL339C	0
YBR040W	YDR103W	0
YBR040W	YDR007W	0
YBR040W	YNL105W	0
YBR040W	YCR039C	0
YBR040W	YCL065W	0
YBR040W	YKL209C	0
YBR040W	YLR080W	0
YBR040W	YML065W	0
YBR040W	YMR135WA	0
YBR040W	YLR397C	0
YBR040W	YJR161C	0
YBR040W	YKL178C	0
YBR040W	YLR374C	0
YBR040W	YPL187W	0
YBR040W	YLR082C	0
YBR040W	YGR296W	0
YBR040W	YBL109W	0
YBR040W	YBL112C	0
YBR040W	YMR086CA	0
YBR040W	YGR103W	0
YBR040W	YJR044C	0
YBR040W	YEL057C	0
YBR040W	MEL1	0
YBR040W	YCR083W	0
YBR040W	YMR087W	0
YBR040W	YDR210WD	0
YBR040W	YJL055W	0
YBR040W	YNL337W	0
YBR040W	YDR006C	0
YBR040W	YML048WA	0
YBR040W	YGR173W	0
YBR040W	YFL002WA	0
YBR040W	YHR091C	0
YBR040W	YGL089C	0
YBR040W	YAL049C	0
YDR007W	YKL020C	0
YDR007W	YCR096C	0
YDR007W	YCR040W	0
YDR007W	YPR199C	0
YDR007W	YHR006W	0
YDR007W	YJL056C	0
YDR007W	YCL066W	0
YDR007W	YLR013W	0
YDR007W	YCL067C	0
YDR007W	YPL248C	0
YDR007W	YCR041W	0
YDR007W	YDR008C	0
YDR007W	YCR107W	0
YDR007W	YNL339C	0
YDR007W	YDR103W	0
YDR007W	YBR040W	0
YDR007W	YNL105W	0
YDR007W	YCR039C	0
YDR007W	YCL065W	0
YDR007W	YKL209C	0
YDR007W	YLR080W	0
YDR007W	YML065W	0
YDR007W	YMR135WA	0
YDR007W	YLR397C	0
YDR007W	YJR161C	0
YDR007W	YKL178C	0
YDR007W	YLR374C	0
YDR007W	YPL187W	0
YDR007W	YLR082C	0
YDR007W	YGR296W	0
YDR007W	YBL109W	0
YDR007W	YBL112C	0
YDR007W	YMR086CA	0
YDR007W	YGR103W	0
YDR007W	YJR044C	0
YDR007W	YEL057C	0
YDR007W	MEL1	0
YDR007W	YCR083W	0
YDR007W	YMR087W	0
YDR007W	YDR210WD	0
YDR007W	YJL055W	0
YDR007W	YNL337W	0
YDR007W	YDR006C	0
YDR007W	YML048WA	0
YDR007W	YGR173W	0
YDR007W	YFL002WA	0
YDR007W	YHR091C	0
YDR007W	YGL089C	0
YDR007W	YAL049C	0
YNL105W	YKL020C	0
YNL105W	YCR096C	0
YNL105W	YCR040W	0
YNL105W	YPR199C	0
YNL105W	YHR006W	0
YNL105W	YJL056C	0
YNL105W	YCL066W	0
YNL105W	YLR013W	0
YNL105W	YCL067C	0
YNL105W	YPL248C	0
YNL105W	YCR041W	0
YNL105W	YDR008C	0
YNL105W	YCR107W	0
YNL105W	YNL339C	0
YNL105W	YDR103W	0
YNL105W	YBR040W	0
YNL105W	YDR007W	0
YNL105W	YCR039C	0
YNL105W	YCL065W	0
YNL105W	YKL209C	0
YNL105W	YLR080W	0
YNL105W	YML065W	0
YNL105W	YMR135WA	0
YNL105W	YLR397C	0
YNL105W	YJR161C	0
YNL105W	YKL178C	0
YNL105W	YLR374C	0
YNL105W	YPL187W	0
YNL105W	YLR082C	0
YNL105W	YGR296W	0
YNL105W	YBL109W	0
YNL105W	YBL112C	0
YNL105W	YMR086CA	0
YNL105W	YGR103W	0
YNL105W	YJR044C	0
YNL105W	YEL057C	0
YNL105W	MEL1	0
YNL105W	YCR083W	0
YNL105W	YMR087W	0
YNL105W	YDR210WD	0
YNL105W	YJL055W	0
YNL105W	YNL337W	0
YNL105W	YDR006C	0
YNL105W	YML048WA	0
YNL105W	YGR173W	0
YNL105W	YFL002WA	0
YNL105W	YHR091C	0
YNL105W	YGL089C	0
YNL105W	YAL049C	0
YCR039C	YKL020C	0
YCR039C	YCR096C	0
YCR039C	YCR040W	0
YCR039C	YPR199C	0
YCR039C	YHR006W	0
YCR039C	YJL056C	0
YCR039C	YCL066W	0
YCR039C	YLR013W	0
YCR039C	YCL067C	0
YCR039C	YPL248C	0
YCR039C	YCR041W	0
YCR039C	YDR008C	0
YCR039C	YCR107W	0
YCR039C	YNL339C	0
YCR039C	YDR103W	0
YCR039C	YBR040W	0
YCR039C	YDR007W	0
YCR039C	YNL105W	0
YCR039C	YCL065W	0
YCR039C	YKL209C	0
YCR039C	YLR080W	0
YCR039C	YML065W	0
YCR039C	YMR135WA	0
YCR039C	YLR397C	0
YCR039C	YJR161C	0
YCR039C	YKL178C	0
YCR039C	YLR374C	0
YCR039C	YPL187W	0
YCR039C	YLR082C	0
YCR039C	YGR296W	0
YCR039C	YBL109W	0
YCR039C	YBL112C	0
YCR039C	YMR086CA	0
YCR039C	YGR103W	0
YCR039C	YJR044C	0
YCR039C	YEL057C	0
YCR039C	MEL1	0
YCR039C	YCR083W	0
YCR039C	YMR087W	0
YCR039C	YDR210WD	0
YCR039C	YJL055W	0
YCR039C	YNL337W	0
YCR039C	YDR006C	0
YCR039C	YML048WA	0
YCR039C	YGR173W	0
YCR039C	YFL002WA	0
YCR039C	YHR091C	0
YCR039C	YGL089C	0
YCR039C	YAL049C	0
YCL065W	YKL020C	0
YCL065W	YCR096C	0
YCL065W	YCR040W	0
YCL065W	YPR199C	0
YCL065W	YHR006W	0
YCL065W	YJL056C	0
YCL065W	YCL066W	0
YCL065W	YLR013W	0
YCL065W	YCL067C	0
YCL065W	YPL248C	0
YCL065W	YCR041W	0
YCL065W	YDR008C	0
YCL065W	YCR107W	0
YCL065W	YNL339C	0
YCL065W	YDR103W	0
YCL065W	YBR040W	0
YCL065W	YDR007W	0
YCL065W	YNL105W	0
YCL065W	YCR039C	0
YCL065W	YKL209C	0
YCL065W	YLR080W	0
YCL065W	YML065W	0
YCL065W	YMR135WA	0
YCL065W	YLR397C	0
YCL065W	YJR161C	0
YCL065W	YKL178C	0
YCL065W	YLR374C	0
YCL065W	YPL187W	0
YCL065W	YLR082C	0
YCL065W	YGR296W	0
YCL065W	YBL109W	0
YCL065W	YBL112C	0
YCL065W	YMR086CA	0
YCL065W	YGR103W	0
YCL065W	YJR044C	0
YCL065W	YEL057C	0
YCL065W	MEL1	0
YCL065W	YCR083W	0
YCL065W	YMR087W	0
YCL065W	YDR210WD	0
YCL065W	YJL055W	0
YCL065W	YNL337W	0
YCL065W	YDR006C	0
YCL065W	YML048WA	0
YCL065W	YGR173W	0
YCL065W	YFL002WA	0
YCL065W	YHR091C	0
YCL065W	YGL089C	0
YCL065W	YAL049C	0
YKL209C	YKL020C	0
YKL209C	YCR096C	0
YKL209C	YCR040W	0
YKL209C	YPR199C	0
YKL209C	YHR006W	0
YKL209C	YJL056C	0
YKL209C	YCL066W	0
YKL209C	YLR013W	0
YKL209C	YCL067C	0
YKL209C	YPL248C	0
YKL209C	YCR041W	0
YKL209C	YDR008C	0
YKL209C	YCR107W	0
YKL209C	YNL339C	0
YKL209C	YDR103W	0
YKL209C	YBR040W	0
YKL209C	YDR007W	0
YKL209C	YNL105W	0
YKL209C	YCR039C	0
YKL209C	YCL065W	0
YKL209C	YLR080W	0
YKL209C	YML065W	0
YKL209C	YMR135WA	0
YKL209C	YLR397C	0
YKL209C	YJR161C	0
YKL209C	YKL178C	0
YKL209C	YLR374C	0
YKL209C	YPL187W	0
YKL209C	YLR082C	0
YKL209C	YGR296W	0
YKL209C	YBL109W	0
YKL209C	YBL112C	0
YKL209C	YMR086CA	0
YKL209C	YGR103W	0
YKL209C	YJR044C	0
YKL209C	YEL057C	0
YKL209C	MEL1	0
YKL209C	YCR083W	0
YKL209C	YMR087W	0
YKL209C	YDR210WD	0
YKL209C	YJL055W	0
YKL209C	YNL337W	0
YKL209C	YDR006C	0
YKL209C	YML048WA	0
YKL209C	YGR173W	0
YKL209C	YFL002WA	0
YKL209C	YHR091C	0
YKL209C	YGL089C	0
YKL209C	YAL049C	0
YLR080W	YKL020C	0
YLR080W	YCR096C	0
YLR080W	YCR040W	0
YLR080W	YPR199C	0
YLR080W	YHR006W	0
YLR080W	YJL056C	0
YLR080W	YCL066W	0
YLR080W	YLR013W	0
YLR080W	YCL067C	0
YLR080W	YPL248C	0
YLR080W	YCR041W	0
YLR080W	YDR008C	0
YLR080W	YCR107W	0
YLR080W	YNL339C	0
YLR080W	YDR103W	0
YLR080W	YBR040W	0
YLR080W	YDR007W	0
YLR080W	YNL105W	0
YLR080W	YCR039C	0
YLR080W	YCL065W	0
YLR080W	YKL209C	0
YLR080W	YML065W	0
YLR080W	YMR135WA	0
YLR080W	YLR397C	0
YLR080W	YJR161C	0
YLR080W	YKL178C	0
YLR080W	YLR374C	0
YLR080W	YPL187W	0
YLR080W	YLR082C	0
YLR080W	YGR296W	0
YLR080W	YBL109W	0
YLR080W	YBL112C	0
YLR080W	YMR086CA	0
YLR080W	YGR103W	0
YLR080W	YJR044C	0
YLR080W	YEL057C	0
YLR080W	MEL1	0
YLR080W	YCR083W	0
YLR080W	YMR087W	0
YLR080W	YDR210WD	0
YLR080W	YJL055W	0
YLR080W	YNL337W	0
YLR080W	YDR006C	0
YLR080W	YML048WA	0
YLR080W	YGR173W	0
YLR080W	YFL002WA	0
YLR080W	YHR091C	0
YLR080W	YGL089C	0
YLR080W	YAL049C	0
YML065W	YKL020C	0
YML065W	YCR096C	0
YML065W	YCR040W	0
YML065W	YPR199C	0
YML065W	YHR006W	0
YML065W	YJL056C	0
YML065W	YCL066W	0
YML065W	YLR013W	0
YML065W	YCL067C	0
YML065W	YPL248C	0
YML065W	YCR041W	0
YML065W	YDR008C	0
YML065W	YCR107W	0
YML065W	YNL339C	0
YML065W	YDR103W	0
YML065W	YBR040W	0
YML065W	YDR007W	0
YML065W	YNL105W	0
YML065W	YCR039C	0
YML065W	YCL065W	0
YML065W	YKL209C	0
YML065W	YLR080W	0
YML065W	YMR135WA	0
YML065W	YLR397C	0
YML065W	YJR161C	0
YML065W	YKL178C	0
YML065W	YLR374C	0
YML065W	YPL187W	0
YML065W	YLR082C	0
YML065W	YGR296W	0
YML065W	YBL109W	0
YML065W	YBL112C	0
YML065W	YMR086CA	0
YML065W	YGR103W	0
YML065W	YJR044C	0
YML065W	YEL057C	0
YML065W	MEL1	0
YML065W	YCR083W	0
YML065W	YMR087W	0
YML065W	YDR210WD	0
YML065W	YJL055W	0
YML065W	YNL337W	0
YML065W	YDR006C	0
YML065W	YML048WA	0
YML065W	YGR173W	0
YML065W	YFL002WA	0
YML065W	YHR091C	0
YML065W	YGL089C	0
YML065W	YAL049C	0
YMR135WA	YKL020C	0
YMR135WA	YCR096C	0
YMR135WA	YCR040W	0
YMR135WA	YPR199C	0
YMR135WA	YHR006W	0
YMR135WA	YJL056C	0
YMR135WA	YCL066W	0
YMR135WA	YLR013W	0
YMR135WA	YCL067C	0
YMR135WA	YPL248C	0
YMR135WA	YCR041W	0
YMR135WA	YDR008C	0
YMR135WA	YCR107W	0
YMR135WA	YNL339C	0
YMR135WA	YDR103W	0
YMR135WA	YBR040W	0
YMR135WA	YDR007W	0
YMR135WA	YNL105W	0
YMR135WA	YCR039C	0
YMR135WA	YCL065W	0
YMR135WA	YKL209C	0
YMR135WA	YLR080W	0
YMR135WA	YML065W	0
YMR135WA	YLR397C	0
YMR135WA	YJR161C	0
YMR135WA	YKL178C	0
YMR135WA	YLR374C	0
YMR135WA	YPL187W	0
YMR135WA	YLR082C	0
YMR135WA	YGR296W	0
YMR135WA	YBL109W	0
YMR135WA	YBL112C	0
YMR135WA	YMR086CA	0
YMR135WA	YGR103W	0
YMR135WA	YJR044C	0
YMR135WA	YEL057C	0
YMR135WA	MEL1	0
YMR135WA	YCR083W	0
YMR135WA	YMR087W	0
YMR135WA	YDR210WD	0
YMR135WA	YJL055W	0
YMR135WA	YNL337W	0
YMR135WA	YDR006C	0
YMR135WA	YML048WA	0
YMR135WA	YGR173W	0
YMR135WA	YFL002WA	0
YMR135WA	YHR091C	0
YMR135WA	YGL089C	0
YMR135WA	YAL049C	0
YLR397C	YKL020C	0
YLR397C	YCR096C	0
YLR397C	YCR040W	0
YLR397C	YPR199C	0
YLR397C	YHR006W	0
YLR397C	YJL056C	0
YLR397C	YCL066W	0
YLR397C	YLR013W	0
YLR397C	YCL067C	0
YLR397C	YPL248C	0
YLR397C	YCR041W	0
YLR397C	YDR008C	0
YLR397C	YCR107W	0
YLR397C	YNL339C	0
YLR397C	YDR103W	0
YLR397C	YBR040W	0
YLR397C	YDR007W	0
YLR397C	YNL105W	0
YLR397C	YCR039C	0
YLR397C	YCL065W	0
YLR397C	YKL209C	0
YLR397C	YLR080W	0
YLR397C	YML065W	0
YLR397C	YMR135WA	0
YLR397C	YJR161C	0
YLR397C	YKL178C	0
YLR397C	YLR374C	0
YLR397C	YPL187W	0
YLR397C	YLR082C	0
YLR397C	YGR296W	0
YLR397C	YBL109W	0
YLR397C	YBL112C	0
YLR397C	YMR086CA	0
YLR397C	YGR103W	0
YLR397C	YJR044C	0
YLR397C	YEL057C	0
YLR397C	MEL1	0
YLR397C	YCR083W	0
YLR397C	YMR087W	0
YLR397C	YDR210WD	0
YLR397C	YJL055W	0
YLR397C	YNL337W	0
YLR397C	YDR006C	0
YLR397C	YML048WA	0
YLR397C	YGR173W	0
YLR397C	YFL002WA	0
YLR397C	YHR091C	0
YLR397C	YGL089C	0
YLR397C	YAL049C	0
YJR161C	YKL020C	0
YJR161C	YCR096C	0
YJR161C	YCR040W	0
YJR161C	YPR199C	0
YJR161C	YHR006W	0
YJR161C	YJL056C	0
YJR161C	YCL066W	0
YJR161C	YLR013W	0
YJR161C	YCL067C	0
YJR161C	YPL248C	0
YJR161C	YCR041W	0
YJR161C	YDR008C	0
YJR161C	YCR107W	0
YJR161C	YNL339C	0
YJR161C	YDR103W	0
YJR161C	YBR040W	0
YJR161C	YDR007W	0
YJR161C	YNL105W	0
YJR161C	YCR039C	0
YJR161C	YCL065W	0
YJR161C	YKL209C	0
YJR161C	YLR080W	0
YJR161C	YML065W	0
YJR161C	YMR135WA	0
YJR161C	YLR397C	0
YJR161C	YKL178C	0
YJR161C	YLR374C	0
YJR161C	YPL187W	0
YJR161C	YLR082C	0
YJR161C	YGR296W	0
YJR161C	YBL109W	0
YJR161C	YBL112C	0
YJR161C	YMR086CA	0
YJR161C	YGR103W	0
YJR161C	YJR044C	0
YJR161C	YEL057C	0
YJR161C	MEL1	0
YJR161C	YCR083W	0
YJR161C	YMR087W	0
YJR161C	YDR210WD	0
YJR161C	YJL055W	0
YJR161C	YNL337W	0
YJR161C	YDR006C	0
YJR161C	YML048WA	0
YJR161C	YGR173W	0
YJR161C	YFL002WA	0
YJR161C	YHR091C	0
YJR161C	YGL089C	0
YJR161C	YAL049C	0
YKL178C	YKL020C	0
YKL178C	YCR096C	0
YKL178C	YCR040W	0
YKL178C	YPR199C	0
YKL178C	YHR006W	0
YKL178C	YJL056C	0
YKL178C	YCL066W	0
YKL178C	YLR013W	0
YKL178C	YCL067C	0
YKL178C	YPL248C	0
YKL178C	YCR041W	0
YKL178C	YDR008C	0
YKL178C	YCR107W	0
YKL178C	YNL339C	0
YKL178C	YDR103W	0
YKL178C	YBR040W	0
YKL178C	YDR007W	0
YKL178C	YNL105W	0
YKL178C	YCR039C	0
YKL178C	YCL065W	0
YKL178C	YKL209C	0
YKL178C	YLR080W	0
YKL178C	YML065W	0
YKL178C	YMR135WA	0
YKL178C	YLR397C	0
YKL178C	YJR161C	0
YKL178C	YLR374C	0
YKL178C	YPL187W	0
YKL178C	YLR082C	0
YKL178C	YGR296W	0
YKL178C	YBL109W	0
YKL178C	YBL112C	0
YKL178C	YMR086CA	0
YKL178C	YGR103W	0
YKL178C	YJR044C	0
YKL178C	YEL057C	0
YKL178C	MEL1	0
YKL178C	YCR083W	0
YKL178C	YMR087W	0
YKL178C	YDR210WD	0
YKL178C	YJL055W	0
YKL178C	YNL337W	0
YKL178C	YDR006C	0
YKL178C	YML048WA	0
YKL178C	YGR173W	0
YKL178C	YFL002WA	0
YKL178C	YHR091C	0
YKL178C	YGL089C	0
YKL178C	YAL049C	0
YLR374C	YKL020C	0
YLR374C	YCR096C	0
YLR374C	YCR040W	0
YLR374C	YPR199C	0
YLR374C	YHR006W	0
YLR374C	YJL056C	0
YLR374C	YCL066W	0
YLR374C	YLR013W	0
YLR374C	YCL067C	0
YLR374C	YPL248C	0
YLR374C	YCR041W	0
YLR374C	YDR008C	0
YLR374C	YCR107W	0
YLR374C	YNL339C	0
YLR374C	YDR103W	0
YLR374C	YBR040W	0
YLR374C	YDR007W	0
YLR374C	YNL105W	0
YLR374C	YCR039C	0
YLR374C	YCL065W	0
YLR374C	YKL209C	0
YLR374C	YLR080W	0
YLR374C	YML065W	0
YLR374C	YMR135WA	0
YLR374C	YLR397C	0
YLR374C	YJR161C	0
YLR374C	YKL178C	0
YLR374C	YPL187W	0
YLR374C	YLR082C	0
YLR374C	YGR296W	0
YLR374C	YBL109W	0
YLR374C	YBL112C	0
YLR374C	YMR086CA	0
YLR374C	YGR103W	0
YLR374C	YJR044C	0
YLR374C	YEL057C	0
YLR374C	MEL1	0
YLR374C	YCR083W	0
YLR374C	YMR087W	0
YLR374C	YDR210WD	0
YLR374C	YJL055W	0
YLR374C	YNL337W	0
YLR374C	YDR006C	0
YLR374C	YML048WA	0
YLR374C	YGR173W	0
YLR374C	YFL002WA	0
YLR374C	YHR091C	0
YLR374C	YGL089C	0
YLR374C	YAL049C	0
YPL187W	YKL020C	0
YPL187W	YCR096C	0
YPL187W	YCR040W	0
YPL187W	YPR199C	0
YPL187W	YHR006W	0
YPL187W	YJL056C	0
YPL187W	YCL066W	0
YPL187W	YLR013W	0
YPL187W	YCL067C	0
YPL187W	YPL248C	0
YPL187W	YCR041W	0
YPL187W	YDR008C	0
YPL187W	YCR107W	0
YPL187W	YNL339C	0
YPL187W	YDR103W	0
YPL187W	YBR040W	0
YPL187W	YDR007W	0
YPL187W	YNL105W	0
YPL187W	YCR039C	0
YPL187W	YCL065W	0
YPL187W	YKL209C	0
YPL187W	YLR080W	0
YPL187W	YML065W	0
YPL187W	YMR135WA	0
YPL187W	YLR397C	0
YPL187W	YJR161C	0
YPL187W	YKL178C	0
YPL187W	YLR374C	0
YPL187W	YLR082C	0
YPL187W	YGR296W	0
YPL187W	YBL109W	0
YPL187W	YBL112C	0
YPL187W	YMR086CA	0
YPL187W	YGR103W	0
YPL187W	YJR044C	0
YPL187W	YEL057C	0
YPL187W	MEL1	0
YPL187W	YCR083W	0
YPL187W	YMR087W	0
YPL187W	YDR210WD	0
YPL187W	YJL055W	0
YPL187W	YNL337W	0
YPL187W	YDR006C	0
YPL187W	YML048WA	0
YPL187W	YGR173W	0
YPL187W	YFL002WA	0
YPL187W	YHR091C	0
YPL187W	YGL089C	0
YPL187W	YAL049C	0
YLR082C	YKL020C	0
YLR082C	YCR096C	0
YLR082C	YCR040W	0
YLR082C	YPR199C	0
YLR082C	YHR006W	0
YLR082C	YJL056C	0
YLR082C	YCL066W	0
YLR082C	YLR013W	0
YLR082C	YCL067C	0
YLR082C	YPL248C	0
YLR082C	YCR041W	0
YLR082C	YDR008C	0
YLR082C	YCR107W	0
YLR082C	YNL339C	0
YLR082C	YDR103W	0
YLR082C	YBR040W	0
YLR082C	YDR007W	0
YLR082C	YNL105W	0
YLR082C	YCR039C	0
YLR082C	YCL065W	0
YLR082C	YKL209C	0
YLR082C	YLR080W	0
YLR082C	YML065W	0
YLR082C	YMR135WA	0
YLR082C	YLR397C	0
YLR082C	YJR161C	0
YLR082C	YKL178C	0
YLR082C	YLR374C	0
YLR082C	YPL187W	0
YLR082C	YGR296W	0
YLR082C	YBL109W	0
YLR082C	YBL112C	0
YLR082C	YMR086CA	0
YLR082C	YGR103W	0
YLR082C	YJR044C	0
YLR082C	YEL057C	0
YLR082C	MEL1	0
YLR082C	YCR083W	0
YLR082C	YMR087W	0
YLR082C	YDR210WD	0
YLR082C	YJL055W	0
YLR082C	YNL337W	0
YLR082C	YDR006C	0
YLR082C	YML048WA	0
YLR082C	YGR173W	0
YLR082C	YFL002WA	0
YLR082C	YHR091C	0
YLR082C	YGL089C	0
YLR082C	YAL049C	0
YGR296W	YKL020C	0
YGR296W	YCR096C	0
YGR296W	YCR040W	0
YGR296W	YPR199C	0
YGR296W	YHR006W	0
YGR296W	YJL056C	0
YGR296W	YCL066W	0
YGR296W	YLR013W	0
YGR296W	YCL067C	0
YGR296W	YPL248C	0
YGR296W	YCR041W	0
YGR296W	YDR008C	0
YGR296W	YCR107W	0
YGR296W	YNL339C	0
YGR296W	YDR103W	0
YGR296W	YBR040W	0
YGR296W	YDR007W	0
YGR296W	YNL105W	0
YGR296W	YCR039C	0
YGR296W	YCL065W	0
YGR296W	YKL209C	0
YGR296W	YLR080W	0
YGR296W	YML065W	0
YGR296W	YMR135WA	0
YGR296W	YLR397C	0
YGR296W	YJR161C	0
YGR296W	YKL178C	0
YGR296W	YLR374C	0
YGR296W	YPL187W	0
YGR296W	YLR082C	0
YGR296W	YBL109W	0
YGR296W	YBL112C	0
YGR296W	YMR086CA	0
YGR296W	YGR103W	0
YGR296W	YJR044C	0
YGR296W	YEL057C	0
YGR296W	MEL1	0
YGR296W	YCR083W	0
YGR296W	YMR087W	0
YGR296W	YDR210WD	0
YGR296W	YJL055W	0
YGR296W	YNL337W	0
YGR296W	YDR006C	0
YGR296W	YML048WA	0
YGR296W	YGR173W	0
YGR296W	YFL002WA	0
YGR296W	YHR091C	0
YGR296W	YGL089C	0
YGR296W	YAL049C	0
YBL109W	YKL020C	0
YBL109W	YCR096C	0
YBL109W	YCR040W	0
YBL109W	YPR199C	0
YBL109W	YHR006W	0
YBL109W	YJL056C	0
YBL109W	YCL066W	0
YBL109W	YLR013W	0
YBL109W	YCL067C	0
YBL109W	YPL248C	0
YBL109W	YCR041W	0
YBL109W	YDR008C	0
YBL109W	YCR107W	0
YBL109W	YNL339C	0
YBL109W	YDR103W	0
YBL109W	YBR040W	0
YBL109W	YDR007W	0
YBL109W	YNL105W	0
YBL109W	YCR039C	0
YBL109W	YCL065W	0
YBL109W	YKL209C	0
YBL109W	YLR080W	0
YBL109W	YML065W	0
YBL109W	YMR135WA	0
YBL109W	YLR397C	0
YBL109W	YJR161C	0
YBL109W	YKL178C	0
YBL109W	YLR374C	0
YBL109W	YPL187W	0
YBL109W	YLR082C	0
YBL109W	YGR296W	0
YBL109W	YBL112C	0
YBL109W	YMR086CA	0
YBL109W	YGR103W	0
YBL109W	YJR044C	0
YBL109W	YEL057C	0
YBL109W	MEL1	0
YBL109W	YCR083W	0
YBL109W	YMR087W	0
YBL109W	YDR210WD	0
YBL109W	YJL055W	0
YBL109W	YNL337W	0
YBL109W	YDR006C	0
YBL109W	YML048WA	0
YBL109W	YGR173W	0
YBL109W	YFL002WA	0
YBL109W	YHR091C	0
YBL109W	YGL089C	0
YBL109W	YAL049C	0
YBL112C	YKL020C	0
YBL112C	YCR096C	0
YBL112C	YCR040W	0
YBL112C	YPR199C	0
YBL112C	YHR006W	0
YBL112C	YJL056C	0
YBL112C	YCL066W	0
YBL112C	YLR013W	0
YBL112C	YCL067C	0
YBL112C	YPL248C	0
YBL112C	YCR041W	0
YBL112C	YDR008C	0
YBL112C	YCR107W	0
YBL112C	YNL339C	0
YBL112C	YDR103W	0
YBL112C	YBR040W	0
YBL112C	YDR007W	0
YBL112C	YNL105W	0
YBL112C	YCR039C	0
YBL112C	YCL065W	0
YBL112C	YKL209C	0
YBL112C	YLR080W	0
YBL112C	YML065W	0
YBL112C	YMR135WA	0
YBL112C	YLR397C	0
YBL112C	YJR161C	0
YBL112C	YKL178C	0
YBL112C	YLR374C	0
YBL112C	YPL187W	0
YBL112C	YLR082C	0
YBL112C	YGR296W	0
YBL112C	YBL109W	0
YBL112C	YMR086CA	0
YBL112C	YGR103W	0
YBL112C	YJR044C	0
YBL112C	YEL057C	0
YBL112C	MEL1	0
YBL112C	YCR083W	0
YBL112C	YMR087W	0
YBL112C	YDR210WD	0
YBL112C	YJL055W	0
YBL112C	YNL337W	0
YBL112C	YDR006C	0
YBL112C	YML048WA	0
YBL112C	YGR173W	0
YBL112C	YFL002WA	0
YBL112C	YHR091C	0
YBL112C	YGL089C	0
YBL112C	YAL049C	0
YMR086CA	YKL020C	0
YMR086CA	YCR096C	0
YMR086CA	YCR040W	0
YMR086CA	YPR199C	0
YMR086CA	YHR006W	0
YMR086CA	YJL056C	0
YMR086CA	YCL066W	0
YMR086CA	YLR013W	0
YMR086CA	YCL067C	0
YMR086CA	YPL248C	0
YMR086CA	YCR041W	0
YMR086CA	YDR008C	0
YMR086CA	YCR107W	0
YMR086CA	YNL339C	0
YMR086CA	YDR103W	0
YMR086CA	YBR040W	0
YMR086CA	YDR007W	0
YMR086CA	YNL105W	0
YMR086CA	YCR039C	0
YMR086CA	YCL065W	0
YMR086CA	YKL209C	0
YMR086CA	YLR080W	0
YMR086CA	YML065W	0
YMR086CA	YMR135WA	0
YMR086CA	YLR397C	0
YMR086CA	YJR161C	0
YMR086CA	YKL178C	0
YMR086CA	YLR374C	0
YMR086CA	YPL187W	0
YMR086CA	YLR082C	0
YMR086CA	YGR296W	0
YMR086CA	YBL109W	0
YMR086CA	YBL112C	0
YMR086CA	YGR103W	0
YMR086CA	YJR044C	0
YMR086CA	YEL057C	0
YMR086CA	MEL1	0
YMR086CA	YCR083W	0
YMR086CA	YMR087W	0
YMR086CA	YDR210WD	0
YMR086CA	YJL055W	0
YMR086CA	YNL337W	0
YMR086CA	YDR006C	0
YMR086CA	YML048WA	0
YMR086CA	YGR173W	0
YMR086CA	YFL002WA	0
YMR086CA	YHR091C	0
YMR086CA	YGL089C	0
YMR086CA	YAL049C	0
YGR103W	YKL020C	0
YGR103W	YCR096C	0
YGR103W	YCR040W	0
YGR103W	YPR199C	0
YGR103W	YHR006W	0
YGR103W	YJL056C	0
YGR103W	YCL066W	0
YGR103W	YLR013W	0
YGR103W	YCL067C	0
YGR103W	YPL248C	0
YGR103W	YCR041W	0
YGR103W	YDR008C	0
YGR103W	YCR107W	0
YGR103W	YNL339C	0
YGR103W	YDR103W	0
YGR103W	YBR040W	0
YGR103W	YDR007W	0
YGR103W	YNL105W	0
YGR103W	YCR039C	0
YGR103W	YCL065W	0
YGR103W	YKL209C	0
YGR103W	YLR080W	0
YGR103W	YML065W	0
YGR103W	YMR135WA	0
YGR103W	YLR397C	0
YGR103W	YJR161C	0
YGR103W	YKL178C	0
YGR103W	YLR374C	0
YGR103W	YPL187W	0
YGR103W	YLR082C	0
YGR103W	YGR296W	0
YGR103W	YBL109W	0
YGR103W	YBL112C	0
YGR103W	YMR086CA	0
YGR103W	YJR044C	0
YGR103W	YEL057C	0
YGR103W	MEL1	0
YGR103W	YCR083W	0
YGR103W	YMR087W	0
YGR103W	YDR210WD	0
YGR103W	YJL055W	0
YGR103W	YNL337W	0
YGR103W	YDR006C	0
YGR103W	YML048WA	0
YGR103W	YGR173W	0
YGR103W	YFL002WA	0
YGR103W	YHR091C	0
YGR103W	YGL089C	0
YGR103W	YAL049C	0
YJR044C	YKL020C	0
YJR044C	YCR096C	0
YJR044C	YCR040W	0
YJR044C	YPR199C	0
YJR044C	YHR006W	0
YJR044C	YJL056C	0
YJR044C	YCL066W	0
YJR044C	YLR013W	0
YJR044C	YCL067C	0
YJR044C	YPL248C	0
YJR044C	YCR041W	0
YJR044C	YDR008C	0
YJR044C	YCR107W	0
YJR044C	YNL339C	0
YJR044C	YDR103W	0
YJR044C	YBR040W	0
YJR044C	YDR007W	0
YJR044C	YNL105W	0
YJR044C	YCR039C	0
YJR044C	YCL065W	0
YJR044C	YKL209C	0
YJR044C	YLR080W	0
YJR044C	YML065W	0
YJR044C	YMR135WA	0
YJR044C	YLR397C	0
YJR044C	YJR161C	0
YJR044C	YKL178C	0
YJR044C	YLR374C	0
YJR044C	YPL187W	0
YJR044C	YLR082C	0
YJR044C	YGR296W	0
YJR044C	YBL109W	0
YJR044C	YBL112C	0
YJR044C	YMR086CA	0
YJR044C	YGR103W	0
YJR044C	YEL057C	0
YJR044C	MEL1	0
YJR044C	YCR083W	0
YJR044C	YMR087W	0
YJR044C	YDR210WD	0
YJR044C	YJL055W	0
YJR044C	YNL337W	0
YJR044C	YDR006C	0
YJR044C	YML048WA	0
YJR044C	YGR173W	0
YJR044C	YFL002WA	0
YJR044C	YHR091C	0
YJR044C	YGL089C	0
YJR044C	YAL049C	0
YEL057C	YKL020C	0
YEL057C	YCR096C	0
YEL057C	YCR040W	0
YEL057C	YPR199C	0
YEL057C	YHR006W	0
YEL057C	YJL056C	0
YEL057C	YCL066W	0
YEL057C	YLR013W	0
YEL057C	YCL067C	0
YEL057C	YPL248C	0
YEL057C	YCR041W	0
YEL057C	YDR008C	0
YEL057C	YCR107W	0
YEL057C	YNL339C	0
YEL057C	YDR103W	0
YEL057C	YBR040W	0
YEL057C	YDR007W	0
YEL057C	YNL105W	0
YEL057C	YCR039C	0
YEL057C	YCL065W	0
YEL057C	YKL209C	0
YEL057C	YLR080W	0
YEL057C	YML065W	0
YEL057C	YMR135WA	0
YEL057C	YLR397C	0
YEL057C	YJR161C	0
YEL057C	YKL178C	0
YEL057C	YLR374C	0
YEL057C	YPL187W	0
YEL057C	YLR082C	0
YEL057C	YGR296W	0
YEL057C	YBL109W	0
YEL057C	YBL112C	0
YEL057C	YMR086CA	0
YEL057C	YGR103W	0
YEL057C	YJR044C	0
YEL057C	MEL1	0
YEL057C	YCR083W	0
YEL057C	YMR087W	0
YEL057C	YDR210WD	0
YEL057C	YJL055W	0
YEL057C	YNL337W	0
YEL057C	YDR006C	0
YEL057C	YML048WA	0
YEL057C	YGR173W	0
YEL057C	YFL002WA	0
YEL057C	YHR091C	0
YEL057C	YGL089C	0
YEL057C	YAL049C	0
MEL1	YKL020C	0
MEL1	YCR096C	0
MEL1	YCR040W	0
MEL1	YPR199C	0
MEL1	YHR006W	0
MEL1	YJL056C	0
MEL1	YCL066W	0
MEL1	YLR013W	0
MEL1	YCL067C	0
MEL1	YPL248C	0
MEL1	YCR041W	0
MEL1	YDR008C	0
MEL1	YCR107W	0
MEL1	YNL339C	0
MEL1	YDR103W	0
MEL1	YBR040W	0
MEL1	YDR007W	0
MEL1	YNL105W	0
MEL1	YCR039C	0
MEL1	YCL065W	0
MEL1	YKL209C	0
MEL1	YLR080W	0
MEL1	YML065W	0
MEL1	YMR135WA	0
MEL1	YLR397C	0
MEL1	YJR161C	0
MEL1	YKL178C	0
MEL1	YLR374C	0
MEL1	YPL187W	0
MEL1	YLR082C	0
MEL1	YGR296W	0
MEL1	YBL109W	0
MEL1	YBL112C	0
MEL1	YMR086CA	0
MEL1	YGR103W	0
MEL1	YJR044C	0
MEL1	YEL057C	0
MEL1	YCR083W	0
MEL1	YMR087W	0
MEL1	YDR210WD	0
MEL1	YJL055W	0
MEL1	YNL337W	0
MEL1	YDR006C	0
MEL1	YML048WA	0
MEL1	YGR173W	0
MEL1	YFL002WA	0
MEL1	YHR091C	0
MEL1	YGL089C	0
MEL1	YAL049C	0
YCR083W	YKL020C	0
YCR083W	YCR096C	0
YCR083W	YCR040W	0
YCR083W	YPR199C	0
YCR083W	YHR006W	0
YCR083W	YJL056C	0
YCR083W	YCL066W	0
YCR083W	YLR013W	0
YCR083W	YCL067C	0
YCR083W	YPL248C	0
YCR083W	YCR041W	0
YCR083W	YDR008C	0
YCR083W	YCR107W	0
YCR083W	YNL339C	0
YCR083W	YDR103W	0
YCR083W	YBR040W	0
YCR083W	YDR007W	0
YCR083W	YNL105W	0
YCR083W	YCR039C	0
YCR083W	YCL065W	0
YCR083W	YKL209C	0
YCR083W	YLR080W	0
YCR083W	YML065W	0
YCR083W	YMR135WA	0
YCR083W	YLR397C	0
YCR083W	YJR161C	0
YCR083W	YKL178C	0
YCR083W	YLR374C	0
YCR083W	YPL187W	0
YCR083W	YLR082C	0
YCR083W	YGR296W	0
YCR083W	YBL109W	0
YCR083W	YBL112C	0
YCR083W	YMR086CA	0
YCR083W	YGR103W	0
YCR083W	YJR044C	0
YCR083W	YEL057C	0
YCR083W	MEL1	0
YCR083W	YMR087W	0
YCR083W	YDR210WD	0
YCR083W	YJL055W	0
YCR083W	YNL337W	0
YCR083W	YDR006C	0
YCR083W	YML048WA	0
YCR083W	YGR173W	0
YCR083W	YFL002WA	0
YCR083W	YHR091C	0
YCR083W	YGL089C	0
YCR083W	YAL049C	0
YMR087W	YKL020C	0
YMR087W	YCR096C	0
YMR087W	YCR040W	0
YMR087W	YPR199C	0
YMR087W	YHR006W	0
YMR087W	YJL056C	0
YMR087W	YCL066W	0
YMR087W	YLR013W	0
YMR087W	YCL067C	0
YMR087W	YPL248C	0
YMR087W	YCR041W	0
YMR087W	YDR008C	0
YMR087W	YCR107W	0
YMR087W	YNL339C	0
YMR087W	YDR103W	0
YMR087W	YBR040W	0
YMR087W	YDR007W	0
YMR087W	YNL105W	0
YMR087W	YCR039C	0
YMR087W	YCL065W	0
YMR087W	YKL209C	0
YMR087W	YLR080W	0
YMR087W	YML065W	0
YMR087W	YMR135WA	0
YMR087W	YLR397C	0
YMR087W	YJR161C	0
YMR087W	YKL178C	0
YMR087W	YLR374C	0
YMR087W	YPL187W	0
YMR087W	YLR082C	0
YMR087W	YGR296W	0
YMR087W	YBL109W	0
YMR087W	YBL112C	0
YMR087W	YMR086CA	0
YMR087W	YGR103W	0
YMR087W	YJR044C	0
YMR087W	YEL057C	0
YMR087W	MEL1	0
YMR087W	YCR083W	0
YMR087W	YDR210WD	0
YMR087W	YJL055W	0
YMR087W	YNL337W	0
YMR087W	YDR006C	0
YMR087W	YML048WA	0
YMR087W	YGR173W	0
YMR087W	YFL002WA	0
YMR087W	YHR091C	0
YMR087W	YGL089C	0
YMR087W	YAL049C	0
YDR210WD	YKL020C	0
YDR210WD	YCR096C	0
YDR210WD	YCR040W	0
YDR210WD	YPR199C	0
YDR210WD	YHR006W	0
YDR210WD	YJL056C	0
YDR210WD	YCL066W	0
YDR210WD	YLR013W	0
YDR210WD	YCL067C	0
YDR210WD	YPL248C	0
YDR210WD	YCR041W	0
YDR210WD	YDR008C	0
YDR210WD	YCR107W	0
YDR210WD	YNL339C	0
YDR210WD	YDR103W	0
YDR210WD	YBR040W	0
YDR210WD	YDR007W	0
YDR210WD	YNL105W	0
YDR210WD	YCR039C	0
YDR210WD	YCL065W	0
YDR210WD	YKL209C	0
YDR210WD	YLR080W	0
YDR210WD	YML065W	0
YDR210WD	YMR135WA	0
YDR210WD	YLR397C	0
YDR210WD	YJR161C	0
YDR210WD	YKL178C	0
YDR210WD	YLR374C	0
YDR210WD	YPL187W	0
YDR210WD	YLR082C	0
YDR210WD	YGR296W	0
YDR210WD	YBL109W	0
YDR210WD	YBL112C	0
YDR210WD	YMR086CA	0
YDR210WD	YGR103W	0
YDR210WD	YJR044C	0
YDR210WD	YEL057C	0
YDR210WD	MEL1	0
YDR210WD	YCR083W	0
YDR210WD	YMR087W	0
YDR210WD	YJL055W	0
YDR210WD	YNL337W	0
YDR210WD	YDR006C	0
YDR210WD	YML048WA	0
YDR210WD	YGR173W	0
YDR210WD	YFL002WA	0
YDR210WD	YHR091C	0
YDR210WD	YGL089C	0
YDR210WD	YAL049C	0
YJL055W	YKL020C	0
YJL055W	YCR096C	0
YJL055W	YCR040W	0
YJL055W	YPR199C	0
YJL055W	YHR006W	0
YJL055W	YJL056C	0
YJL055W	YCL066W	0
YJL055W	YLR013W	0
YJL055W	YCL067C	0
YJL055W	YPL248C	0
YJL055W	YCR041W	0
YJL055W	YDR008C	0
YJL055W	YCR107W	0
YJL055W	YNL339C	0
YJL055W	YDR103W	0
YJL055W	YBR040W	0
YJL055W	YDR007W	0
YJL055W	YNL105W	0
YJL055W	YCR039C	0
YJL055W	YCL065W	0
YJL055W	YKL209C	0
YJL055W	YLR080W	0
YJL055W	YML065W	0
YJL055W	YMR135WA	0
YJL055W	YLR397C	0
YJL055W	YJR161C	0
YJL055W	YKL178C	0
YJL055W	YLR374C	0
YJL055W	YPL187W	0
YJL055W	YLR082C	0
YJL055W	YGR296W	0
YJL055W	YBL109W	0
YJL055W	YBL112C	0
YJL055W	YMR086CA	0
YJL055W	YGR103W	0
YJL055W	YJR044C	0
YJL055W	YEL057C	0
YJL055W	MEL1	0
YJL055W	YCR083W	0
YJL055W	YMR087W	0
YJL055W	YDR210WD	0
YJL055W	YNL337W	0
YJL055W	YDR006C	0
YJL055W	YML048WA	0
YJL055W	YGR173W	0
YJL055W	YFL002WA	0
YJL055W	YHR091C	0
YJL055W	YGL089C	0
YJL055W	YAL049C	0
YNL337W	YKL020C	0
YNL337W	YCR096C	0
YNL337W	YCR040W	0
YNL337W	YPR199C	0
YNL337W	YHR006W	0
YNL337W	YJL056C	0
YNL337W	YCL066W	0
YNL337W	YLR013W	0
YNL337W	YCL067C	0
YNL337W	YPL248C	0
YNL337W	YCR041W	0
YNL337W	YDR008C	0
YNL337W	YCR107W	0
YNL337W	YNL339C	0
YNL337W	YDR103W	0
YNL337W	YBR040W	0
YNL337W	YDR007W	0
YNL337W	YNL105W	0
YNL337W	YCR039C	0
YNL337W	YCL065W	0
YNL337W	YKL209C	0
YNL337W	YLR080W	0
YNL337W	YML065W	0
YNL337W	YMR135WA	0
YNL337W	YLR397C	0
YNL337W	YJR161C	0
YNL337W	YKL178C	0
YNL337W	YLR374C	0
YNL337W	YPL187W	0
YNL337W	YLR082C	0
YNL337W	YGR296W	0
YNL337W	YBL109W	0
YNL337W	YBL112C	0
YNL337W	YMR086CA	0
YNL337W	YGR103W	0
YNL337W	YJR044C	0
YNL337W	YEL057C	0
YNL337W	MEL1	0
YNL337W	YCR083W	0
YNL337W	YMR087W	0
YNL337W	YDR210WD	0
YNL337W	YJL055W	0
YNL337W	YDR006C	0
YNL337W	YML048WA	0
YNL337W	YGR173W	0
YNL337W	YFL002WA	0
YNL337W	YHR091C	0
YNL337W	YGL089C	0
YNL337W	YAL049C	0
YDR006C	YKL020C	0
YDR006C	YCR096C	0
YDR006C	YCR040W	0
YDR006C	YPR199C	0
YDR006C	YHR006W	0
YDR006C	YJL056C	0
YDR006C	YCL066W	0
YDR006C	YLR013W	0
YDR006C	YCL067C	0
YDR006C	YPL248C	0
YDR006C	YCR041W	0
YDR006C	YDR008C	0
YDR006C	YCR107W	0
YDR006C	YNL339C	0
YDR006C	YDR103W	0
YDR006C	YBR040W	0
YDR006C	YDR007W	0
YDR006C	YNL105W	0
YDR006C	YCR039C	0
YDR006C	YCL065W	0
YDR006C	YKL209C	0
YDR006C	YLR080W	0
YDR006C	YML065W	0
YDR006C	YMR135WA	0
YDR006C	YLR397C	0
YDR006C	YJR161C	0
YDR006C	YKL178C	0
YDR006C	YLR374C	0
YDR006C	YPL187W	0
YDR006C	YLR082C	0
YDR006C	YGR296W	0
YDR006C	YBL109W	0
YDR006C	YBL112C	0
YDR006C	YMR086CA	0
YDR006C	YGR103W	0
YDR006C	YJR044C	0
YDR006C	YEL057C	0
YDR006C	MEL1	0
YDR006C	YCR083W	0
YDR006C	YMR087W	0
YDR006C	YDR210WD	0
YDR006C	YJL055W	0
YDR006C	YNL337W	0
YDR006C	YML048WA	0
YDR006C	YGR173W	0
YDR006C	YFL002WA	0
YDR006C	YHR091C	0
YDR006C	YGL089C	0
YDR006C	YAL049C	0
YML048WA	YKL020C	0
YML048WA	YCR096C	0
YML048WA	YCR040W	0
YML048WA	YPR199C	0
YML048WA	YHR006W	0
YML048WA	YJL056C	0
YML048WA	YCL066W	0
YML048WA	YLR013W	0
YML048WA	YCL067C	0
YML048WA	YPL248C	0
YML048WA	YCR041W	0
YML048WA	YDR008C	0
YML048WA	YCR107W	0
YML048WA	YNL339C	0
YML048WA	YDR103W	0
YML048WA	YBR040W	0
YML048WA	YDR007W	0
YML048WA	YNL105W	0
YML048WA	YCR039C	0
YML048WA	YCL065W	0
YML048WA	YKL209C	0
YML048WA	YLR080W	0
YML048WA	YML065W	0
YML048WA	YMR135WA	0
YML048WA	YLR397C	0
YML048WA	YJR161C	0
YML048WA	YKL178C	0
YML048WA	YLR374C	0
YML048WA	YPL187W	0
YML048WA	YLR082C	0
YML048WA	YGR296W	0
YML048WA	YBL109W	0
YML048WA	YBL112C	0
YML048WA	YMR086CA	0
YML048WA	YGR103W	0
YML048WA	YJR044C	0
YML048WA	YEL057C	0
YML048WA	MEL1	0
YML048WA	YCR083W	0
YML048WA	YMR087W	0
YML048WA	YDR210WD	0
YML048WA	YJL055W	0
YML048WA	YNL337W	0
YML048WA	YDR006C	0
YML048WA	YGR173W	0
YML048WA	YFL002WA	0
YML048WA	YHR091C	0
YML048WA	YGL089C	0
YML048WA	YAL049C	0
YGR173W	YKL020C	0
YGR173W	YCR096C	0
YGR173W	YCR040W	0
YGR173W	YPR199C	0
YGR173W	YHR006W	0
YGR173W	YJL056C	0
YGR173W	YCL066W	0
YGR173W	YLR013W	0
YGR173W	YCL067C	0
YGR173W	YPL248C	0
YGR173W	YCR041W	0
YGR173W	YDR008C	0
YGR173W	YCR107W	0
YGR173W	YNL339C	0
YGR173W	YDR103W	0
YGR173W	YBR040W	0
YGR173W	YDR007W	0
YGR173W	YNL105W	0
YGR173W	YCR039C	0
YGR173W	YCL065W	0
YGR173W	YKL209C	0
YGR173W	YLR080W	0
YGR173W	YML065W	0
YGR173W	YMR135WA	0
YGR173W	YLR397C	0
YGR173W	YJR161C	0
YGR173W	YKL178C	0
YGR173W	YLR374C	0
YGR173W	YPL187W	0
YGR173W	YLR082C	0
YGR173W	YGR296W	0
YGR173W	YBL109W	0
YGR173W	YBL112C	0
YGR173W	YMR086CA	0
YGR173W	YGR103W	0
YGR173W	YJR044C	0
YGR173W	YEL057C	0
YGR173W	MEL1	0
YGR173W	YCR083W	0
YGR173W	YMR087W	0
YGR173W	YDR210WD	0
YGR173W	YJL055W	0
YGR173W	YNL337W	0
YGR173W	YDR006C	0
YGR173W	YML048WA	0
YGR173W	YFL002WA	0
YGR173W	YHR091C	0
YGR173W	YGL089C	0
YGR173W	YAL049C	0
YFL002WA	YKL020C	0
YFL002WA	YCR096C	0
YFL002WA	YCR040W	0
YFL002WA	YPR199C	0
YFL002WA	YHR006W	0
YFL002WA	YJL056C	0
YFL002WA	YCL066W	0
YFL002WA	YLR013W	0
YFL002WA	YCL067C	0
YFL002WA	YPL248C	0
YFL002WA	YCR041W	0
YFL002WA	YDR008C	0
YFL002WA	YCR107W	0
YFL002WA	YNL339C	0
YFL002WA	YDR103W	0
YFL002WA	YBR040W	0
YFL002WA	YDR007W	0
YFL002WA	YNL105W	0
YFL002WA	YCR039C	0
YFL002WA	YCL065W	0
YFL002WA	YKL209C	0
YFL002WA	YLR080W	0
YFL002WA	YML065W	0
YFL002WA	YMR135WA	0
YFL002WA	YLR397C	0
YFL002WA	YJR161C	0
YFL002WA	YKL178C	0
YFL002WA	YLR374C	0
YFL002WA	YPL187W	0
YFL002WA	YLR082C	0
YFL002WA	YGR296W	0
YFL002WA	YBL109W	0
YFL002WA	YBL112C	0
YFL002WA	YMR086CA	0
YFL002WA	YGR103W	0
YFL002WA	YJR044C	0
YFL002WA	YEL057C	0
YFL002WA	MEL1	0
YFL002WA	YCR083W	0
YFL002WA	YMR087W	0
YFL002WA	YDR210WD	0
YFL002WA	YJL055W	0
YFL002WA	YNL337W	0
YFL002WA	YDR006C	0
YFL002WA	YML048WA	0
YFL002WA	YGR173W	0
YFL002WA	YHR091C	0
YFL002WA	YGL089C	0
YFL002WA	YAL049C	0
YHR091C	YKL020C	0
YHR091C	YCR096C	0
YHR091C	YCR040W	0
YHR091C	YPR199C	0
YHR091C	YHR006W	0
YHR091C	YJL056C	0
YHR091C	YCL066W	0
YHR091C	YLR013W	0
YHR091C	YCL067C	0
YHR091C	YPL248C	0
YHR091C	YCR041W	0
YHR091C	YDR008C	0
YHR091C	YCR107W	0
YHR091C	YNL339C	0
YHR091C	YDR103W	0
YHR091C	YBR040W	0
YHR091C	YDR007W	0
YHR091C	YNL105W	0
YHR091C	YCR039C	0
YHR091C	YCL065W	0
YHR091C	YKL209C	0
YHR091C	YLR080W	0
YHR091C	YML065W	0
YHR091C	YMR135WA	0
YHR091C	YLR397C	0
YHR091C	YJR161C	0
YHR091C	YKL178C	0
YHR091C	YLR374C	0
YHR091C	YPL187W	0
YHR091C	YLR082C	0
YHR091C	YGR296W	0
YHR091C	YBL109W	0
YHR091C	YBL112C	0
YHR091C	YMR086CA	0
YHR091C	YGR103W	0
YHR091C	YJR044C	0
YHR091C	YEL057C	0
YHR091C	MEL1	0
YHR091C	YCR083W	0
YHR091C	YMR087W	0
YHR091C	YDR210WD	0
YHR091C	YJL055W	0
YHR091C	YNL337W	0
YHR091C	YDR006C	0
YHR091C	YML048WA	0
YHR091C	YGR173W	0
YHR091C	YFL002WA	0
YHR091C	YGL089C	0
YHR091C	YAL049C	0
YGL089C	YKL020C	0
YGL089C	YCR096C	0
YGL089C	YCR040W	0
YGL089C	YPR199C	0
YGL089C	YHR006W	0
YGL089C	YJL056C	0
YGL089C	YCL066W	0
YGL089C	YLR013W	0
YGL089C	YCL067C	0
YGL089C	YPL248C	0
YGL089C	YCR041W	0
YGL089C	YDR008C	0
YGL089C	YCR107W	0
YGL089C	YNL339C	0
YGL089C	YDR103W	0
YGL089C	YBR040W	0
YGL089C	YDR007W	0
YGL089C	YNL105W	0
YGL089C	YCR039C	0
YGL089C	YCL065W	0
YGL089C	YKL209C	0
YGL089C	YLR080W	0
YGL089C	YML065W	0
YGL089C	YMR135WA	0
YGL089C	YLR397C	0
YGL089C	YJR161C	0
YGL089C	YKL178C	0
YGL089C	YLR374C	0
YGL089C	YPL187W	0
YGL089C	YLR082C	0
YGL089C	YGR296W	0
YGL089C	YBL109W	0
YGL089C	YBL112C	0
YGL089C	YMR086CA	0
YGL089C	YGR103W	0
YGL089C	YJR044C	0
YGL089C	YEL057C	0
YGL089C	MEL1	0
YGL089C	YCR083W	0
YGL089C	YMR087W	0
YGL089C	YDR210WD	0
YGL089C	YJL055W	0
YGL089C	YNL337W	0
YGL089C	YDR006C	0
YGL089C	YML048WA	0
YGL089C	YGR173W	0
YGL089C	YFL002WA	0
YGL089C	YHR091C	0
YGL089C	YAL049C	0
YAL049C	YKL020C	0
YAL049C	YCR096C	0
YAL049C	YCR040W	0
YAL049C	YPR199C	0
YAL049C	YHR006W	0
YAL049C	YJL056C	0
YAL049C	YCL066W	0
YAL049C	YLR013W	0
YAL049C	YCL067C	0
YAL049C	YPL248C	0
YAL049C	YCR041W	0
YAL049C	YDR008C	0
YAL049C	YCR107W	0
YAL049C	YNL339C	0
YAL049C	YDR103W	0
YAL049C	YBR040W	0
YAL049C	YDR007W	0
YAL049C	YNL105W	0
YAL049C	YCR039C	0
YAL049C	YCL065W	0
YAL049C	YKL209C	0
YAL049C	YLR080W	0
YAL049C	YML065W	0
YAL049C	YMR135WA	0
YAL049C	YLR397C	0
YAL049C	YJR161C	0
YAL049C	YKL178C	0
YAL049C	YLR374C	0
YAL049C	YPL187W	0
YAL049C	YLR082C	0
YAL049C	YGR296W	0
YAL049C	YBL109W	0
YAL049C	YBL112C	0
YAL049C	YMR086CA	0
YAL049C	YGR103W	0
YAL049C	YJR044C	0
YAL049C	YEL057C	0
YAL049C	MEL1	0
YAL049C	YCR083W	0
YAL049C	YMR087W	0
YAL049C	YDR210WD	0
YAL049C	YJL055W	0
YAL049C	YNL337W	0
YAL049C	YDR006C	0
YAL049C	YML048WA	0
YAL049C	YGR173W	0
YAL049C	YFL002WA	0
YAL049C	YHR091C	0
YAL049C	YGL089C	0
